x_1,x_2,x_3,x_4,x_5,x_6,x_7,x_8,x_9,x_10,y
1.0174,1.6255,-0.1579,1.4899,-1.4984,-1.2375,1.0442,-0.3996,0.3676,-2.5993,2.4724
-1.1286,-1.6426,1.1897,0.2824,0.1744,-0.0084,-1.0647,-1.2303,-0.5188,-0.2007,1.475
1.3863,-0.0545,-0.787,-0.5881,-0.6792,-0.6997,-0.4328,-0.9485,-0.4257,0.6154,0.9929
-0.3528,0.9435,0.1343,-0.7017,0.7158,2.1765,-2.9374,0.4758,0.0101,-1.0454,0.2687
0.7223,1.5972,-1.1014,0.4757,0.8107,2.0001,-1.0463,1.3489,-1.9435,0.7314,1.9182
0.7427,0.4323,-2.6087,-0.2469,0.4411,0.2483,1.5922,0.096,0.1891,-0.7937,7.5399
-0.8314,-0.9136,-0.3983,-1.9461,-0.1386,-0.0072,-0.4474,-0.75,0.8474,0.9523,-0.1191
0.2689,0.3798,-0.1962,1.8897,1.4923,-1.0361,0.5395,0.1148,0.0631,0.0756,2.0656
0.6113,0.5998,-1.2506,1.7566,0.726,-1.2945,-0.6322,0.556,1.9708,0.103,1.4232
0.9273,1.9296,0.2559,0.9245,-1.3431,-0.0165,-0.4776,0.9639,1.1601,0.4924,1.8155
-0.6799,-0.6101,0.0173,1.4408,0.3173,1.123,0.5463,0.7968,-0.3266,-1.4804,0.2867
-1.2686,-0.7286,0.5228,-0.9346,-0.2927,-1.3669,-0.8359,-0.4021,0.3406,1.6502,-0.1409
-1.127,0.0543,0.329,1.5964,-0.0706,-1.2114,0.3819,-0.2395,0.3932,-1.7382,0.588
0.1009,-0.5339,1.2184,-0.097,-0.3767,0.3178,0.4145,-0.3254,-0.3369,-1.0986,1.5707
0.6745,-1.5665,0.3655,0.5057,-0.8735,1.1714,0.7416,-0.0619,-1.9065,0.4986,1.6874
-0.148,-1.4577,-0.4118,0.3482,0.2764,0.8161,-0.1758,-2.0241,0.3424,1.1338,0.3457
0.3748,0.7058,-0.4277,-0.7358,-0.8035,-1.6659,-0.3183,0.6806,0.5824,-0.6719,0.8366
1.2165,0.1384,0.5892,0.2237,1.7592,1.0015,-1.2989,-0.5855,0.4396,-0.1394,2.6141
-1.3171,-0.2851,1.0876,0.347,-0.3321,-1.1336,-0.6979,-1.0705,-0.3594,-0.2431,1.2639
-0.2253,0.9857,-0.5157,1.4091,0.5509,0.699,-2.3441,-0.9004,-0.5987,0.3207,0.796
-0.3939,-0.6254,0.1846,1.3546,0.9044,-0.7211,0.0956,-0.6476,-0.6648,-0.0184,1.289
-0.9141,1.0581,0.587,-0.0827,1.9455,-0.0312,0.1316,1.8432,-0.3509,1.9509,3.9592
0.6972,-0.1521,2.2151,0.9867,-0.8466,1.0686,-0.0612,1.6189,-0.5939,1.235,5.79
2.7863,1.8517,-0.753,0.4087,-0.1987,-0.7557,0.2645,0.7791,2.479,-0.0636,0.6895
0.1132,-2.8473,-0.2914,-0.2668,-0.1675,0.2022,0.59,0.2259,0.3497,-0.6449,0.0897
-0.8191,-0.4438,-0.8122,0.5143,-0.6691,-0.2411,0.3401,-2.9303,0.7029,0.0913,0.9078
0.5037,1.1076,-0.2248,-0.1208,0.0874,-0.0999,2.0062,1.1644,-0.3285,1.1675,-0.2611
-0.3258,1.159,-0.7103,-1.2744,0.0985,-0.7428,0.5748,1.349,0.8255,0.1461,0.2469
-0.4164,1.9289,0.9736,-2.2225,-0.7981,1.395,0.7915,0.0445,0.0825,-0.1363,1.5864
2.1025,-1.8342,-0.3926,-0.5292,-0.674,1.6066,0.4642,0.584,-1.0656,1.3571,-0.0623
0.7011,-0.4304,-0.4109,-0.0433,-1.2512,1.4236,0.8372,1.0456,-1.4498,0.1138,1.9492
0.8519,0.708,-1.6238,-1.6504,0.7628,1.4047,-0.2961,-0.1046,1.5835,-0.162,3.4819
-0.3375,-0.1584,0.1652,1.3909,-0.8349,-0.018,-0.4699,1.5385,-1.4784,0.8854,0.9881
-0.1943,1.1434,-0.1553,-0.0447,-1.107,1.3163,0.2726,0.8075,-1.0595,1.3912,1.3387
0.2703,1.3203,0.8268,1.2771,-2.818,-0.4537,1.8887,0.6487,0.4003,-0.1114,8.5659
-0.1204,0.5164,-0.8241,0.5145,-3.31,-0.2835,1.2589,-0.4267,0.5351,1.615,12.0181
0.6198,0.3948,-0.073,-0.9588,0.3479,-1.3165,-0.8653,0.5488,0.6436,0.0174,0.1832
-0.2243,1.0577,-0.3073,0.1676,0.187,-0.1459,-0.9313,1.8394,-0.2282,0.0504,0.0092
1.902,0.9512,1.3537,0.2335,0.3442,2.1479,1.7076,-0.2734,-1.853,1.1657,2.0515
-2.0756,-0.5418,0.6643,0.0251,0.625,-0.8891,-0.0802,-0.3575,1.8069,-0.4787,0.7335
-1.322,-0.4023,-1.9327,-0.296,0.2851,-1.2033,0.7414,0.0495,-0.9243,0.9911,3.6298
0.283,0.6991,0.34,-0.5289,-0.5325,-1.3182,-0.1111,0.9648,0.3442,-0.4206,0.005
1.121,-0.9277,-0.9535,-0.1314,-0.6301,-0.725,0.0009,-0.111,0.4454,-0.9791,1.148
-0.9201,1.3809,1.4679,1.1931,1.363,-1.5857,-0.4729,-0.2929,-0.1837,0.2388,3.9897
-0.5388,-1.486,0.8643,0.6949,1.0776,1.5142,1.6594,-0.8269,0.0907,0.3653,2.0673
0.9555,1.3871,-1.9307,-0.3862,-0.0781,-0.0445,2.6428,2.3485,0.0423,-1.0631,3.4243
-1.3356,1.6209,0.4835,-1.5825,-0.4276,-0.1555,2.302,-0.401,-1.1759,0.9299,0.5659
0.6733,0.8373,-0.683,0.3049,0.3035,-0.604,0.4494,0.7036,0.8961,-0.2129,1.0602
-0.4612,-0.64,0.7856,-0.2308,-1.0466,-0.2353,-0.1526,-1.0373,2.109,-2.4955,1.8826
0.1404,0.0861,-1.2866,-2.0,1.0175,-0.3468,-0.294,-0.8333,0.3303,-1.5865,2.705
0.8368,-0.103,1.6541,0.8253,0.0251,-0.2206,0.2734,0.6346,0.5808,0.3256,2.7956
-1.1142,0.1822,1.8132,0.9517,0.2334,-0.6127,0.0805,1.3395,-0.3866,0.8283,3.5972
-0.5161,0.683,1.5503,0.9503,0.0837,0.2372,0.0827,-0.8345,1.4319,-1.8145,2.4578
0.1814,-1.9984,0.9555,-0.6746,-0.0021,-0.195,0.4932,1.7177,0.9107,0.6619,1.274
-0.9935,-0.3564,-1.2166,-1.3343,-0.1221,0.3458,-0.0092,-1.5071,1.2002,-0.5611,1.3335
-0.1518,0.39,-0.3512,-0.9915,-1.1229,1.3257,0.6485,-1.0504,-0.6022,-0.8531,1.8743
1.0027,-1.5061,1.7016,0.0708,-0.7749,2.6537,1.2544,0.8592,-0.4489,-0.6168,2.9699
1.1362,-1.8906,0.6402,-0.9099,1.9269,0.4211,0.8478,-0.0502,0.4821,1.1345,3.9446
0.2214,0.0094,-0.4124,0.361,0.228,0.8401,-0.4334,0.1013,-0.751,-0.7263,0.2006
-0.707,-0.5968,-0.1579,-0.1726,-0.4881,0.0474,0.8124,0.012,-0.5415,0.2626,0.423
-0.1082,-1.0467,-1.2747,-0.6738,-1.1078,0.0721,-0.0778,-0.0713,1.9276,-0.425,3.2202
1.525,3.5225,-1.3216,-0.1026,1.7785,1.745,1.8811,-0.8143,1.384,-0.2381,4.8148
-0.6064,0.8914,1.3859,0.0868,0.9012,0.7923,-0.892,-0.4153,1.9185,-1.3679,2.5816
1.0729,1.3053,-0.3883,0.0502,0.1383,-0.0441,-0.3589,-0.2354,0.8734,0.0188,0.5312
-0.7978,1.3151,0.0311,0.9515,0.3651,0.5263,-0.3667,2.1804,1.2808,0.7935,0.5412
1.2397,0.6232,-0.9564,-0.021,-0.0076,0.3196,-0.0882,1.3763,-0.5503,-0.1881,0.7717
-1.003,0.6834,0.8291,0.5071,0.0144,-3.1087,-1.3501,0.2492,0.2017,1.9491,0.3973
0.4591,0.2099,-2.1995,1.5582,-0.7421,0.2273,1.9707,-2.177,-1.23,-0.3578,4.9273
-0.5799,-0.9744,-1.7654,0.9456,0.1974,-1.2991,-0.6127,-0.879,-0.4394,0.488,2.2728
-0.0133,-1.3337,0.1608,0.9632,0.4369,0.0351,-0.7662,-0.2902,0.8086,1.0382,0.8173
0.1347,-1.9695,0.245,0.6031,-0.4794,0.8324,-0.5143,-0.8232,-0.7432,0.7502,-0.4118
-0.7089,0.5064,0.8938,-0.4152,0.4262,-0.6168,0.277,-0.2026,-0.7234,-0.7465,0.861
-1.0184,1.6358,-0.6163,1.4103,-0.4865,1.8058,-0.7197,-1.9528,-2.0185,-0.6525,-0.238
-0.9102,-0.3075,2.0079,0.432,-1.5727,-1.6003,1.1442,1.2759,-0.4182,-0.5258,6.5773
-0.0085,0.6476,1.1064,0.0224,-1.2554,1.2844,-1.1833,-1.3465,-1.1092,-0.6443,2.6823
0.3501,-0.2408,-1.5428,0.1587,-0.3917,-2.5664,-0.3011,0.5237,1.4582,-1.9047,2.8523
-0.9341,1.1338,0.2935,-1.1909,2.4907,0.8947,0.7177,0.5515,-0.4251,0.866,5.9909
0.3923,1.0325,-0.0299,-1.4382,-0.6456,-0.0885,-0.8271,-1.0648,-0.1481,1.7248,0.6708
-0.1675,-0.9298,-0.2623,-0.4966,0.4651,-0.6677,-2.2804,1.3201,0.5728,0.7438,0.2953
0.65,-1.6477,-1.6445,-1.513,0.6777,0.1578,-2.2832,-0.2766,-0.7575,-0.824,3.5283
-1.2119,-1.441,-0.795,1.4916,-0.9087,0.3542,-0.0199,1.441,0.6588,-1.8175,1.9546
0.1945,-0.0169,-0.4419,2.1252,-1.8663,0.2962,1.5128,-0.632,-0.8638,-1.5325,3.831
-1.9716,2.6748,0.7795,1.4001,1.5434,0.4444,-0.3418,-0.8962,-0.0756,-0.1143,3.6134
-2.2016,-1.1232,0.1841,-0.1333,0.5486,0.6124,-0.0165,-0.0311,-0.2103,-0.0,0.546
-0.0686,0.5692,0.2287,-1.2169,0.1351,-0.0615,-1.3139,0.4579,0.6337,0.797,0.0959
-0.0131,-1.0977,0.2263,-0.4127,-1.6732,-0.7544,1.7015,-0.6343,0.1729,2.178,3.3083
-0.1227,0.6647,1.2774,-1.5454,-1.1427,0.05,0.3366,0.3025,2.4551,0.0302,3.0772
-1.2004,-1.5533,1.0481,-1.3817,-0.4041,-0.6755,-0.1419,1.3832,2.2183,-0.6624,1.4599
-0.4381,-2.32,-0.3513,-0.8021,0.3351,1.0265,-0.7692,-0.2,1.1125,-0.33,0.3026
1.3426,0.2357,0.6072,0.1957,-1.8536,2.4686,-1.1634,-0.9034,0.3813,0.705,4.1259
-1.907,0.0939,0.5646,0.1359,0.8396,-0.0564,1.5645,1.2045,0.9503,-0.5694,1.2489
2.0361,0.0582,0.1872,0.333,0.755,-0.0997,0.5331,-1.0362,-0.5606,0.2314,0.5373
-0.9603,0.7256,-0.581,-1.1617,-1.4947,-0.2428,-1.1067,-1.2006,-1.3851,1.6602,2.6033
-0.0308,-0.4895,0.0272,-0.5696,-0.7689,-0.3829,0.48,1.9438,-0.5693,0.6965,0.554
0.1235,-0.8466,-0.0613,-0.1218,-0.4329,0.5903,-0.9635,1.6122,-0.2653,-0.7686,0.0431
-1.5658,-0.4711,1.0705,1.1243,0.7,0.3761,1.6385,1.5432,-0.67,0.6972,1.9498
-0.9861,-0.5911,0.4565,0.2831,-1.0905,-0.4721,0.872,-0.3583,-2.2208,-0.9531,1.2542
0.5004,-0.0891,-0.1259,0.4558,-0.7591,1.2109,-0.7042,0.7205,-1.0267,1.1305,0.5457
-0.669,-0.1625,-0.075,0.0677,-0.4157,-1.3679,-1.0624,0.4726,1.6345,0.1187,0.5241
-0.5899,-0.7912,0.4165,1.1951,-0.1542,-0.8141,-0.0495,-1.4259,0.1728,0.8684,-0.0941
-2.3102,-0.0231,1.7482,0.1001,-0.3903,0.1486,-0.4163,-0.2412,-0.3888,1.5508,3.458
0.0698,-1.5479,0.4,-0.3523,1.0854,-0.0598,-1.3475,0.6166,0.3708,0.2564,1.5523
-0.2102,-2.3598,3.1552,0.414,2.2755,2.2209,0.1765,0.7613,-0.5272,1.21,15.2007
0.1171,2.6543,0.0514,0.2873,-1.1543,-0.8147,-1.1653,0.6525,-0.0414,-1.1735,1.1594
-1.8454,-0.636,0.4295,0.517,1.2226,-0.34,1.1175,-0.5856,-0.3333,1.9615,1.8492
-0.0447,-0.655,-1.4355,1.0397,0.7263,0.8146,0.8752,-0.9231,0.5942,-0.8072,2.4586
1.0179,-0.6872,0.0641,-0.3997,0.4272,-0.3863,-0.8082,-0.8316,-0.4153,-1.133,0.0334
-1.442,-2.2815,-1.6921,-1.0697,1.7185,0.6952,0.3025,-0.5922,0.2426,0.645,6.1811
0.6385,-0.7004,0.5391,-2.1186,1.1049,-1.3791,0.5014,2.1796,0.8932,-1.6749,0.4651
-0.7508,0.1882,-1.7311,-0.4269,1.7265,-0.4246,-0.7372,-0.5364,-0.4222,-0.0565,5.6044
-0.6881,0.8227,-2.3295,1.5341,-0.8127,0.5495,0.2431,-0.77,-1.4389,-1.2328,6.5561
0.356,0.5721,0.0372,0.1903,0.6242,1.1933,-1.2043,1.3631,-1.0907,0.6139,0.4072
-0.5441,-0.3391,0.9339,-0.4214,-0.7597,1.7712,-1.1493,-0.1895,0.1059,-1.2355,1.8672
0.9114,-0.2777,-0.9941,2.3207,-0.7197,-0.814,-0.4446,-0.8252,-1.5694,0.0851,1.4618
-0.2224,2.1516,0.6237,1.6305,0.0928,-0.0903,1.5244,-0.9503,1.0731,1.7118,1.1634
-0.706,0.6177,-0.3064,0.9408,1.7005,1.3442,-1.902,0.1352,0.0118,1.1478,3.1969
0.3408,0.8912,1.0322,-1.5991,0.3393,-0.2554,-1.0789,0.1068,-1.1186,0.0446,1.1065
0.1014,0.6618,1.0082,1.3392,0.2883,0.4673,0.5154,1.0102,-1.4522,1.8178,0.7176
-0.942,-0.3502,-0.316,-0.426,1.5034,-0.6024,-0.793,0.3142,-0.9667,-0.5509,2.4093
0.266,1.0912,-0.0238,-1.8314,-0.6178,-0.1846,-0.8291,1.795,0.2299,-1.3051,-0.022
1.3934,-2.23,0.3088,0.8738,-1.481,-0.689,0.2082,0.9106,0.7413,0.4793,2.5596
0.7047,2.845,-0.6338,1.5624,-0.9484,-1.0947,1.2989,0.7829,-0.2798,0.3329,1.1786
-0.9155,0.1386,1.677,-0.7705,-1.4563,-0.3376,-0.6424,-0.7027,0.2265,-0.6851,4.963
-0.1461,-0.3183,1.7113,0.1941,-0.0434,-0.708,-0.4219,0.454,0.2787,-2.5608,2.7405
0.2928,-0.8768,0.2063,-0.2801,-0.5125,1.2889,0.4585,0.4844,-1.2253,-0.886,0.2521
1.4891,-0.31,0.4655,-2.3739,-1.0129,2.286,-2.8301,0.848,0.1089,0.5845,0.8644
0.9228,0.2697,0.2174,0.32,-0.6921,-1.189,-0.7476,0.753,0.7302,1.399,0.037
0.3994,0.3596,-0.2167,1.3483,0.3298,-0.9577,-0.2701,-0.1489,-1.7002,1.3564,0.5383
1.1615,0.2385,-0.2137,1.0052,0.7709,1.5607,-1.8107,1.2323,0.255,-0.8057,0.6994
0.0113,-0.6176,1.8277,-0.8867,-3.2839,0.1742,-0.4794,1.294,0.8332,1.5172,14.2179
-0.2965,1.2518,-0.1991,0.7387,-2.0444,-0.2625,0.0264,-0.3483,0.9683,0.7806,4.7398
0.6419,1.8166,3.8121,-1.1442,-0.1398,0.5993,0.357,-0.6616,-0.3493,-0.8882,14.5081
-0.7995,-1.2128,-0.1066,0.4505,-0.255,-1.3961,0.0294,1.5669,-0.5627,-0.263,-0.1364
0.4098,1.2626,1.3365,1.1976,-0.1997,-1.3511,1.0464,-0.4647,1.2269,-0.948,1.7986
0.8337,0.1676,0.6519,0.334,-1.123,1.4341,0.2504,0.3809,-0.5558,-0.078,2.0315
-1.7543,0.0725,-0.5884,1.6553,1.6519,0.7416,1.1134,-1.3721,-1.9823,1.5936,2.831
-0.2067,0.56,-0.0529,0.8412,0.2438,0.7568,0.2218,-1.0561,-0.8998,0.33,-0.0072
0.7598,0.0653,1.0496,0.3496,1.5062,-0.1348,1.285,-0.698,0.583,-0.954,3.5931
-0.175,0.6599,-3.0115,0.7791,1.6117,-0.6921,0.3934,-1.3151,-0.7933,-0.8992,11.2888
-1.3506,-0.3387,-0.255,-0.1417,-0.6976,0.7885,0.2065,0.1103,-1.4707,0.0438,0.9299
-0.2277,1.0846,-0.5491,-1.198,-0.1884,-0.1758,0.9102,0.7693,-0.0658,-1.4754,0.7959
-0.7037,-1.1336,1.0365,-0.5027,-0.387,-1.2902,1.8169,-0.3089,1.1113,0.8644,1.4214
-0.9236,0.3016,0.9948,-2.7593,0.4291,0.0474,0.2444,0.4635,-0.4697,0.6107,0.8753
0.3327,1.8432,0.9073,-1.4312,-0.5247,0.3555,-2.1726,-1.4721,0.9136,0.4178,0.8889
0.0708,-0.8645,0.7461,1.2918,-0.4995,-0.0846,-1.3553,0.1624,1.7917,0.0006,0.8401
1.2805,-0.5726,-0.8423,-0.2425,-1.0464,-1.616,-0.4757,-0.3824,2.0394,-2.3458,1.6384
-0.7398,1.6368,0.1772,0.4539,1.0344,0.1382,0.7193,-1.882,-0.051,-1.5908,1.0493
1.4926,-0.5514,0.2433,1.0166,0.2134,0.7568,-0.4221,-1.7699,0.2748,-1.2637,0.6028
0.569,0.2223,-0.3955,0.9759,-2.415,-1.1207,1.734,-0.6685,-0.2232,1.2513,5.3863
1.6387,-0.3771,-0.7401,-2.4607,-0.0744,0.7265,-0.3602,0.5299,-0.4309,0.3989,0.6273
0.6534,-0.1322,-2.005,-1.6311,0.1457,-0.7062,0.8892,0.8904,-1.3992,-0.5682,4.1775
0.2537,0.8538,-0.2345,-0.5754,-1.4138,0.4792,-0.9176,1.9355,0.3124,1.3516,1.6496
0.0664,-1.7654,0.2965,-0.1109,0.0793,0.3783,-2.2013,-1.195,-0.3184,-1.3121,0.1901
0.2101,1.2114,1.9769,1.416,0.4707,-0.5163,1.6902,0.7659,-0.3609,-0.3916,4.4836
-0.5083,1.2642,-0.2516,-0.2641,-1.523,-1.1774,-0.9506,0.4337,-0.424,-2.5545,2.0088
-0.7391,0.4956,-0.6981,0.4651,-0.4418,0.1871,-1.1195,-2.0069,1.0422,-1.8332,0.149
0.4672,0.2209,0.4119,0.3683,-0.8241,-0.6966,-0.0225,-1.1939,-0.2856,-0.4767,0.6738
-0.7207,-0.6141,-0.9785,-0.7091,1.3675,-0.2131,-0.7249,0.4578,0.2465,2.5501,3.019
-0.2505,0.43,-1.3272,0.6671,-0.9257,2.7148,0.978,-1.7912,0.5836,0.4017,2.7364
1.0454,0.2479,-0.4412,0.7775,-0.6533,-0.5455,0.6429,0.7475,0.5261,-1.161,0.5604
0.9662,0.0714,-0.3124,0.165,1.0456,-0.7287,-0.1882,-0.2055,-0.5386,0.3087,1.3756
0.4661,2.0283,-0.7717,-0.4905,-0.6594,-1.9728,-1.2842,1.4083,1.819,0.9569,1.2726
0.6148,-1.3687,1.4535,0.0893,-0.1393,-0.1529,1.1529,-0.3024,-0.7437,-1.0543,2.1254
-0.7674,0.1642,-1.3095,0.3092,0.4707,0.2133,0.4348,-1.034,-0.0788,0.7538,2.2728
-0.2146,1.6359,-1.2805,2.2527,-0.9226,0.4317,0.799,0.6565,-1.3384,0.2513,2.3659
0.0191,-0.3804,0.5339,0.4416,-0.7793,0.4884,0.3801,0.1874,-0.8217,-1.2213,1.1112
-1.2224,0.3154,0.2535,0.2858,0.6104,0.4542,-0.1774,-0.9088,-0.2071,-0.3644,-0.2779
1.2806,0.1491,0.4675,-1.7834,-0.2836,-0.0056,-0.1361,0.7255,1.5231,2.085,0.5643
-0.2175,-0.6487,-0.7182,-1.362,-0.0619,-0.2068,-0.4633,-0.9627,0.3603,-0.2996,0.6914
0.2182,0.0563,-0.3435,2.1289,-0.851,-0.6366,0.9369,0.7666,-0.4523,1.9613,1.0991
-1.6678,1.5811,-0.241,1.3936,-0.5014,0.8916,-0.0911,-0.3044,1.5138,-1.056,-0.1339
1.74,-1.6573,0.2545,0.5441,-0.3358,-0.3267,-0.0904,-0.4146,0.7417,-0.1131,0.0665
-0.4044,0.2771,-1.5199,-1.0151,-0.9789,-0.929,-0.475,-0.1428,-0.1867,1.8486,3.3072
-1.1739,-0.2574,1.2407,-0.5706,-1.3662,0.7336,0.614,0.6405,0.547,2.2579,3.1182
1.0483,-0.1998,-0.297,0.462,0.3358,-0.5309,-0.0658,-0.6214,-1.0537,-1.4497,-0.2936
-0.2435,-0.1061,-1.2028,-2.5281,0.4747,1.6377,-1.1288,-0.8073,-0.9196,-0.7425,1.4144
0.7335,0.5251,0.6931,0.345,-1.6696,0.6175,-0.1941,1.8834,1.0054,-0.6122,2.8631
0.1256,0.9013,0.705,-0.9646,-0.6324,1.6819,0.5511,1.434,0.924,-0.3493,0.7038
0.9098,-1.4689,1.3577,-0.9607,-0.6174,0.8334,1.1818,0.2512,-0.0257,-1.3123,2.6394
0.5405,-1.2245,-0.8789,-0.2088,-1.6296,-0.3755,-0.4583,0.9766,0.5132,1.1065,2.9427
0.6553,-2.9028,-0.7556,0.7728,0.7913,-0.7805,0.6821,-1.0728,-0.9,-0.617,1.1455
-1.0358,-0.1934,1.7093,1.0218,1.0277,0.0512,-1.8387,-0.528,-0.0043,-0.4135,3.1713
0.6711,2.683,-0.9199,-1.5365,-0.3184,0.7126,0.4917,-1.0055,-1.1455,-0.7162,0.7453
0.2929,0.2442,0.7967,0.9184,-1.9431,1.0254,1.2518,0.4532,0.638,-0.2718,4.3706
-1.8112,-0.298,-0.7293,-1.2243,-0.1901,0.9772,-0.4312,-0.2823,2.7519,1.1665,0.6857
-0.0483,0.1588,2.0714,0.9206,-2.0207,-1.3661,-0.6989,-0.1384,0.8047,0.0803,8.6683
0.2832,-0.7072,0.2488,-0.9082,0.3791,-0.3573,-0.3936,-1.2071,0.3494,-0.32,0.8431
-0.1414,-0.0768,1.0786,-1.6553,0.0748,0.4754,0.7054,-1.9969,0.5845,0.2602,1.3624
-0.3266,-0.2199,-1.5082,1.8387,-1.0197,-0.2451,-0.6519,-0.9191,0.6201,-0.2184,3.2003
0.1359,-0.2083,1.8278,-1.9133,-0.6498,0.2263,-0.3395,0.5888,0.2976,-0.9065,3.675
0.2672,0.3401,-0.1001,-1.1376,-1.6956,0.0329,1.5344,-0.4059,0.8753,0.1972,2.2505
-0.2604,-1.5021,0.0992,1.1938,0.2481,0.6089,-0.6843,0.4343,0.324,-0.0003,0.0719
-0.483,-0.9547,0.5848,1.0063,2.3055,-0.4682,-0.9291,-0.4672,1.5186,0.1474,5.2093
-0.3808,0.461,-0.1037,0.1054,-0.5767,1.5414,0.5573,0.0754,0.3145,0.4828,0.779
1.0581,-0.6704,1.9105,0.4028,0.6912,0.7561,0.9387,-0.1375,1.2307,0.9921,3.8736
-0.6429,0.0194,-0.6856,-0.5217,1.3421,0.3812,0.2747,2.0141,-0.2415,-1.8415,2.1835
-1.6773,0.5426,-0.1818,-0.2502,-0.8072,-0.8266,0.9815,2.1724,-0.0693,-0.6153,1.473
-2.1801,-0.3826,-0.7733,0.8952,-0.3382,2.3505,-0.9417,-0.0712,1.0131,-1.1212,0.5735
-0.8365,0.2196,-1.8942,1.0582,0.6384,-0.195,-1.0467,0.5586,0.9709,-0.6628,4.2451
0.3272,0.8309,0.9964,-1.2576,-0.4925,-1.0546,-0.0392,0.779,1.3958,0.1057,1.0187
1.2078,0.2571,-0.3554,0.0291,0.2602,2.8694,-2.1458,0.7475,0.0842,1.5892,0.2294
1.4261,1.0703,1.587,-0.1328,0.4918,0.1153,1.3654,-1.6491,0.63,-0.4037,2.7327
-1.1642,0.6472,-0.0722,0.2534,0.6305,0.7013,0.8648,0.1685,-0.3686,1.6332,0.8192
0.032,1.1845,-0.2488,-0.877,-0.2451,0.3755,2.4962,-0.505,1.7724,-1.5635,-0.1982
0.9524,-1.0712,0.2569,1.2681,0.635,0.4507,-1.9191,-0.7038,-0.0667,0.8041,0.7867
-1.3056,0.0309,1.9352,0.1736,-1.2826,0.1468,-0.4352,0.2038,-0.6169,2.3547,4.7885
2.3133,-1.606,-0.6544,-1.0208,-1.6872,0.8788,1.3381,0.1879,-0.8728,-0.3938,3.2864
1.3838,-0.2577,-1.8639,-0.3444,-0.9753,0.7031,-1.4054,-0.259,-1.515,-0.1832,4.8092
0.1727,-1.3603,0.5076,-0.7006,1.3295,-0.7985,0.6315,-0.0561,0.3907,-1.3278,2.2196
0.8973,-0.6499,-0.5073,0.7463,-0.5285,1.2467,0.3077,0.2423,-0.5226,1.4405,0.3606
-1.7587,0.8395,-0.2567,-1.7043,-0.9648,0.1125,-1.0482,-0.4413,-0.844,-0.1154,0.9597
0.6349,0.9897,0.8548,1.0964,0.556,0.7814,-1.1609,-1.8326,-0.0734,0.7851,0.957
0.4299,1.9,0.1609,0.4521,1.6563,0.8562,0.1226,0.0272,0.0838,-1.4245,2.4735
-1.969,1.5916,1.7249,0.8278,-1.3513,-0.5082,-0.9818,-0.0999,-1.1045,-0.3359,4.5768
-0.8868,-1.3121,0.0773,0.7938,-1.7235,1.1875,0.0653,0.795,-0.986,0.3895,3.3543
-0.9429,-0.5045,-0.5925,-1.493,-0.6598,-0.8522,-0.8965,0.8107,-0.5272,-0.8364,0.8509
-2.3003,-0.4112,1.1027,0.6247,0.7284,0.1898,-0.4606,0.7251,-0.5181,-1.2719,1.0739
0.8366,0.6264,0.1786,-0.8879,-1.137,0.024,0.608,0.1398,2.0001,1.6586,1.29
-1.9727,1.6657,-1.2445,1.7656,-0.3395,-0.1979,1.2536,-0.2706,0.5049,-0.6932,1.9484
0.3408,-0.7949,-0.8102,0.0179,-1.0738,-0.7451,0.4729,-1.2073,0.4897,1.3136,1.4695
-0.1872,0.2635,-0.4695,0.0438,-0.1453,-1.0181,1.1395,-0.6396,1.464,0.1,0.2689
-0.7288,-0.4253,0.7604,-2.1253,0.299,0.2568,0.5293,-1.2541,-0.8536,-0.9813,0.66
1.7416,-1.3085,0.4656,1.2362,-1.8263,0.3893,-0.1568,0.5088,0.4002,-0.5771,3.2363
1.8818,-1.168,1.6482,0.6899,-0.5952,-1.6708,2.81,0.8262,0.0956,0.6143,2.6266
-0.582,0.522,1.0878,-1.1098,-0.998,1.5018,-0.4898,-0.7235,0.1476,-1.2252,2.0693
0.2657,-0.1486,0.5434,-0.6161,0.0989,-0.7489,1.7055,0.8931,-3.085,-1.1584,0.5201
-1.3226,0.3438,-0.808,0.8228,0.7642,0.4846,-1.2555,-0.6524,0.5381,1.0783,1.2321
-0.4469,0.3958,0.1361,-0.3978,2.6019,0.0995,1.1531,1.3386,1.0248,-0.0035,7.2157
0.7735,0.2863,-0.0594,-1.5484,0.0845,0.0955,-0.725,0.3157,-0.3867,1.5281,-0.2973
1.0654,-0.4533,0.1362,-1.7102,-1.4523,-0.1149,1.5979,1.857,-0.7951,0.8443,1.9363
0.941,-0.9898,0.719,0.6894,0.4082,-0.4913,0.9692,-0.3778,1.4522,-0.3648,0.5193
0.5243,0.2511,0.2107,-1.0275,-0.3533,-0.0792,1.1486,0.6099,-0.0412,1.2178,0.0936
-0.6202,-0.8366,-0.1501,0.5798,0.59,-0.4991,1.1625,0.1438,0.6305,1.2774,0.1345
0.8794,0.2316,-1.29,-1.3271,-0.2939,-2.0924,1.8562,-0.1163,-2.704,0.6518,2.1723
-1.384,0.2672,-1.9461,0.0238,0.7415,-0.8483,-0.9218,-0.1748,-0.0269,0.3818,4.1056
-0.9849,-0.2687,-0.6441,0.5113,0.7063,-1.4779,-1.857,0.0138,-0.7656,0.3125,1.6619
-0.7569,-0.7713,-0.7503,0.0329,-1.2903,0.8292,0.578,-0.4964,0.7367,0.302,2.5815
-1.1749,0.9495,-1.9716,-0.6159,-0.3633,1.4105,1.0352,-1.1481,-0.0593,2.7197,4.2583
-2.5394,-0.5553,-0.1248,0.7239,1.1351,-1.263,-1.3105,0.4974,-0.4703,0.321,1.2744
0.3385,0.4635,0.1487,-0.6916,0.2007,-0.9506,-1.8182,-0.1735,1.2932,-0.3377,0.5896
0.4386,0.8014,1.3758,0.0013,-1.1406,-1.9355,0.2832,1.7534,1.643,-0.7445,3.2948
-3.1868,-1.6869,-1.171,1.606,0.7617,-0.1029,-0.0092,-0.3826,0.9558,0.926,1.961
-0.9399,-0.3635,-2.0806,-1.3999,-0.8273,-0.2435,-1.5151,0.6208,0.8259,1.5982,5.4411
0.3434,0.3479,-0.6482,-0.0421,0.9776,-0.1789,1.163,0.0769,0.7391,-0.7355,1.6767
-1.5807,-0.5813,0.2984,0.0076,-1.0226,0.3775,0.2413,0.2427,-0.3977,-0.0068,1.5238
0.4447,1.2611,0.4851,-0.025,-0.5404,1.3054,-0.9334,1.7938,-1.7919,0.9708,0.2507
-0.5402,0.0447,-0.7733,1.0562,-0.9802,0.7234,0.4032,1.0429,0.3011,-0.8199,1.9049
0.7167,0.063,0.1886,-0.6429,0.0796,-0.2511,-0.4072,-0.1695,-1.2339,-0.3438,0.6299
1.2779,0.5442,-0.4348,-1.6506,1.7619,1.1694,0.1923,0.9658,0.2057,-0.9534,3.4684
-0.5057,0.3042,1.1508,-0.8445,0.4228,2.3515,-0.643,1.3492,0.2872,0.9242,1.5534
0.6694,-0.7827,0.7272,-0.6596,-0.5695,-1.2515,0.2708,-0.4762,0.0736,0.0824,1.1139
0.5915,-0.036,-0.5685,-0.4286,-0.5196,1.7567,-0.1793,1.4932,0.3974,0.5109,0.0513
0.6359,0.8741,-0.458,-0.7974,-1.1178,-0.6379,-0.4471,0.4789,-1.7472,0.4389,1.6044
-0.0088,1.4997,1.2254,1.0523,-0.6237,0.2348,-0.2959,0.6644,-0.2799,0.016,1.4149
-0.33,0.3811,-0.7523,-0.5755,-0.9988,0.022,0.5478,-0.6218,-0.5077,2.6511,0.9345
-0.0637,1.9279,0.5314,-0.0887,-0.7012,-0.1623,0.7074,-0.7036,0.5705,1.5044,0.5862
-1.4915,-0.277,-2.0139,-0.3801,-0.388,-1.963,0.142,1.2363,0.0177,-1.0088,3.9497
0.0218,-0.6218,-0.7223,-0.5963,1.0859,1.4704,0.5724,0.7145,0.094,-0.5015,1.7872
-0.8952,-0.3744,-0.6049,-0.3024,-0.1252,1.325,-0.0744,-0.8235,-2.3401,1.8767,0.0545
1.8855,-1.8126,0.5709,-1.1638,-0.2491,-0.1118,0.6555,0.1173,1.419,0.1242,0.4417
-0.3748,-0.4299,-2.0703,0.4489,-1.5635,1.0922,-0.6625,0.0772,-0.8365,0.3939,6.2775
0.0052,-0.1739,0.2163,-0.1351,0.1047,0.7963,-0.1732,-0.4917,0.416,-0.2047,-0.0302
-1.2053,-0.1077,0.275,1.2069,-0.649,-0.2517,0.5262,-1.0087,-0.3534,0.3815,1.0979
1.0683,2.0908,-1.4185,-0.9617,-0.489,0.381,-0.3374,0.8164,-1.236,0.0947,2.1476
1.6713,-0.2252,-1.0738,-0.6711,-1.5476,1.5224,-0.7209,0.99,-1.3347,-0.6499,4.1401
1.2519,-0.3731,0.164,0.1185,0.4441,0.8549,0.7651,-0.3244,1.291,0.7488,0.5895
1.6526,-0.6685,1.1202,-0.2251,-0.8812,1.5012,0.7526,0.1012,-0.6494,-1.5848,1.3356
1.0557,-0.7283,0.6631,-1.586,1.0491,-0.4844,1.3212,-0.9844,0.4926,-1.2489,1.544
-0.6006,-0.3633,0.3483,-0.6988,0.1873,0.4325,-1.5126,-0.7747,0.411,0.8137,0.2384
-0.2129,0.9269,1.3524,-0.4103,-0.3298,0.8466,-0.8577,2.009,-2.4834,0.282,1.327
-0.8407,-0.1201,-0.299,0.583,-0.4394,0.1255,2.1353,-1.0152,0.169,-1.0222,-0.0977
0.3832,0.6544,-0.7922,-0.3657,0.0196,-1.2966,-0.4911,-0.2097,0.022,-0.9902,-0.1016
-0.2896,0.7586,-0.3163,0.5162,-1.0523,0.8165,0.0412,0.9307,-1.808,1.3033,1.1428
-0.2513,-0.0843,-1.4251,0.562,0.274,-0.183,0.4139,0.6662,-0.1302,1.9055,2.1126
0.9455,-0.942,0.4997,-0.4811,-1.2214,1.7605,0.0252,-0.179,1.3562,-0.6724,2.3405
-0.0547,1.7682,0.6225,0.5679,-0.3808,-2.4194,-1.0507,-1.3093,0.5836,-0.7839,0.9678
-1.4039,1.0259,0.3807,-0.0684,0.5111,0.9039,-0.7738,1.4692,-0.2268,0.1168,0.6334
0.8502,-0.7282,2.8723,1.2383,-0.2419,-0.4419,-0.8485,-0.1685,0.0216,-0.9357,8.167
0.4985,0.5628,-0.3703,-0.3323,-0.554,-0.7858,-0.0102,0.849,0.9492,0.5576,0.6296
1.3581,0.6809,1.1246,0.1063,-1.0673,0.0713,-0.8818,-1.5354,-1.0709,-0.9797,2.1963
0.2051,-0.1685,-0.8302,-0.9181,-1.0319,0.365,-0.6471,-0.4977,1.5442,-1.4309,1.5005
-0.3649,-1.2289,1.4012,-0.7825,0.601,0.4455,-0.3936,0.3335,-0.6793,-1.1874,2.4775
1.3292,0.1599,-0.8958,-0.789,0.1312,-0.7639,0.1129,0.1474,-0.2912,1.349,0.9794
-0.5761,-1.0704,0.963,-0.7834,0.6856,1.1474,-0.6403,-0.279,1.0321,0.2141,1.5765
0.8025,-0.4727,-1.8122,-0.1609,0.1636,0.6298,0.3049,1.3458,-0.5346,1.3815,3.0587
0.4129,1.1795,-0.3516,0.2287,0.2695,-2.5901,-1.6033,-0.1914,-1.126,-0.0422,0.5187
0.1335,-0.1918,0.1093,-0.1447,-1.5231,2.1643,-0.8519,1.5,0.8528,-0.6355,2.5246
0.1767,-0.7462,0.4037,-0.6578,1.1156,-0.0251,0.8805,0.2466,0.0054,0.6631,0.8835
-1.892,-1.3466,-0.2833,-0.483,-1.7429,0.0323,-0.5195,0.575,-0.2827,1.9199,3.3962
-1.2395,-1.2091,-0.4153,0.0342,-0.0356,-0.6642,-0.4154,-0.9346,-2.9575,-0.2275,0.3795
0.4229,-0.3968,-1.859,-1.495,-0.5016,0.1212,0.6711,1.305,-2.1652,0.2536,3.4824
-0.0547,-0.5314,1.6668,-0.921,-0.0709,1.8295,0.8141,0.0365,1.5872,-0.4021,2.557
0.6871,-0.6603,1.122,0.9272,1.5801,-0.3691,0.7923,-0.5062,1.0161,-0.783,3.4416
-1.5028,1.1475,-0.7368,-0.3841,0.9844,-0.0432,0.5999,-0.7325,0.3014,-1.5882,1.869
0.8238,0.6229,0.5252,-0.9363,0.9952,1.5281,1.6688,-0.7988,-0.2639,1.3174,1.069
-0.3699,0.8044,0.2455,-0.9868,-0.1031,1.216,-0.2321,-2.5074,0.404,-0.9264,-0.1706
-0.1777,-1.5032,0.8568,0.6936,1.1198,-1.7743,0.9102,-0.8296,-1.3696,0.6033,2.5227
0.1934,0.6831,-0.9239,1.1166,0.0456,-0.4033,0.2835,-1.3745,-0.6951,-0.5824,0.7049
0.0293,-0.748,-1.6526,-1.1987,-1.934,-0.1633,-1.5894,-0.2728,-0.5732,0.5426,6.6486
1.0107,0.7125,-1.7337,-0.177,-0.3882,-0.9435,0.0785,-0.1344,0.7044,0.3227,2.9525
-0.3905,-0.2495,-2.0451,0.5192,0.0658,0.0523,-0.2438,0.2183,0.7647,1.2338,3.9869
-1.5217,-0.1137,0.6439,0.5505,-0.0627,-0.7818,-0.0642,-1.0613,0.3668,-0.8445,0.4463
-3.2195,-0.9093,-0.2365,1.0117,0.3738,-0.5294,0.4341,-0.6387,1.4757,-0.6651,0.5045
0.3292,-0.883,-0.7277,1.6175,-1.0153,-0.8391,-0.6134,0.1422,-0.4619,0.9928,1.4034
0.1928,1.2893,0.8464,-2.2136,1.1791,-0.5781,-0.0281,1.2364,0.6364,-0.0919,2.7054
-0.7094,-0.7035,-0.1636,1.7443,2.1342,-0.3677,-0.1353,0.8143,0.5685,0.2484,4.2759
0.2314,0.7069,0.3221,0.3471,0.2981,-0.5063,0.5043,-0.5473,-0.139,1.358,-0.5706
0.1638,0.2341,0.4717,-0.7039,-1.1995,1.2909,-0.9439,2.5837,-1.718,1.6702,1.4196
-0.9958,-0.2304,0.504,-0.7467,1.4802,-0.0469,2.1393,0.5054,-0.8064,-0.5068,2.1394
1.494,-1.9007,0.0256,1.6536,-1.177,-0.1302,-2.7354,-1.5866,0.9779,0.5214,1.6354
-2.3331,-0.425,0.9118,0.2237,-0.9823,-2.4778,-0.2673,-1.3456,-0.3611,0.9027,1.8765
1.8288,0.4973,1.1896,-1.0212,1.6973,0.551,-0.7348,0.6758,-0.5705,-1.7637,4.3473
-0.3269,-0.9559,-0.9358,0.426,0.0282,-0.1621,0.3015,-0.0398,0.1611,0.3686,0.7419
0.2582,1.3855,2.7151,0.3306,0.4676,-1.1404,-0.0625,0.2608,-0.6661,-1.2807,7.2362
1.9198,-0.2826,0.3628,-0.5715,0.2671,-0.7893,0.5978,0.7429,0.4407,0.9738,0.1012
0.6335,-0.3546,1.0312,-1.9988,-0.2181,0.2628,-0.2895,0.1263,-0.6639,0.0972,1.4411
-0.688,0.3106,-1.0421,0.43,0.4616,-1.6068,0.0918,-1.1041,-1.0152,0.2591,2.2422
0.1295,0.6011,-1.2153,1.4579,1.2496,0.8373,1.6258,-2.4827,0.1344,-0.5168,2.9706
-1.1057,-0.0182,0.5811,-1.4824,0.2053,-0.2925,0.2166,-1.0881,0.4985,-0.0943,0.5964
-0.365,0.7646,-1.4461,-0.79,0.7453,-0.3616,0.0952,1.1594,-1.3048,-0.2921,2.882
-0.4236,-0.6204,-0.8496,0.0186,-0.3754,-0.9041,0.2597,-1.0263,-1.1933,0.1594,0.5244
0.5985,2.0573,-0.9791,0.3923,-0.1803,0.0037,1.0109,0.6435,-0.3838,-0.331,1.8262
-0.771,-0.4187,-0.0874,0.188,1.6698,2.0674,0.6536,0.6008,1.0715,2.6488,2.4321
1.5811,0.4377,-1.8701,-0.0842,0.3388,-0.3749,-0.2445,-1.5266,-1.194,-1.3352,3.3748
-0.1469,1.1125,-1.2688,1.2483,-0.9815,-0.1569,2.2151,0.6402,-0.1667,1.1201,2.9317
0.0911,0.0807,0.2968,-0.8717,-1.7801,-0.391,0.4866,1.3439,0.1655,1.0753,3.6231
-0.1901,-0.565,-0.0868,-1.2732,1.1425,-0.0111,1.8704,1.7156,-0.0757,0.5027,0.9818
0.7429,1.7474,0.2147,-1.1054,-1.3052,-0.1611,0.5874,-3.5014,0.5494,-1.9399,1.9311
-0.0546,0.1933,0.4857,0.9875,0.6093,0.671,0.6785,0.7749,-0.4452,2.2795,0.6962
1.3872,0.2034,-0.271,0.7022,-0.5423,1.6094,0.4364,1.7004,1.2429,-0.1364,0.5091
-1.202,0.2565,-0.4318,0.7736,0.1369,0.06,-3.7811,-0.7289,-0.5136,0.7097,0.3312
0.8827,0.4715,-0.0029,1.4575,-0.3457,2.3464,-0.3944,1.6735,-0.6859,-0.2474,0.5455
1.2105,-1.0833,-1.0202,-0.2891,0.8951,0.5912,0.4703,1.4518,-1.4568,1.294,2.0887
1.0443,1.273,1.1673,-1.0014,0.9113,0.9952,0.2458,0.9077,-0.0962,0.4899,1.9353
0.9298,-0.4139,-0.4971,-1.5358,-0.9271,-2.4094,-0.9202,-1.5425,-0.5025,1.6048,0.5961
-0.4202,-0.2328,-0.349,-1.8221,0.4102,-1.6417,1.2305,2.4428,0.4583,-0.5927,0.2778
0.5426,-1.981,1.7247,0.7676,-0.3014,0.6672,0.6746,1.4892,-1.0424,-1.0803,2.9765
-1.1595,-0.1184,1.3861,-1.0286,-0.5119,1.0271,1.791,-1.775,-0.5695,-0.1952,1.7095
-1.6329,1.0574,1.0991,0.0349,1.233,-0.5238,-0.6232,1.7281,0.8081,0.4593,2.7327
0.1393,0.7409,1.681,0.7021,-0.3258,0.9356,-0.0663,-0.2808,-1.576,-1.3698,3.295
-1.0282,-1.0851,-0.2708,-1.1396,-1.2116,-0.367,2.3818,2.1856,-1.2275,-0.0452,1.2333
0.8798,-1.425,-0.1181,-0.5246,-0.8346,0.8272,0.6976,1.0826,-0.7278,0.3238,0.5257
-0.6532,-0.8238,0.2882,-0.7884,-0.6829,-0.686,-1.1646,0.6794,0.3272,-0.0877,0.4684
-0.4199,-1.437,-0.4711,0.2459,0.1059,-0.6008,-0.7678,1.051,0.7775,-0.7678,-0.2299
1.8445,-0.4426,-0.5073,0.2006,0.1944,-1.4482,0.6629,0.1737,-0.9558,0.6571,0.2781
-0.2683,2.4473,0.2929,-2.6278,-0.9291,1.4416,0.1303,0.3272,0.4462,0.4766,1.3886
-0.7007,1.0957,0.2048,1.3512,0.2296,0.6399,1.0336,0.7416,1.0561,0.326,-0.2956
-0.4475,-2.4512,1.3965,0.4117,0.2345,-0.1985,0.5678,1.5129,0.5935,-0.8561,1.7306
-0.4167,1.1466,-2.5066,0.2953,0.513,0.2914,0.3379,0.9913,-0.417,0.2219,6.6237
-1.2277,-0.4275,0.2313,0.4926,0.388,0.4169,-1.1274,1.7158,-0.0397,-2.1264,-0.0922
-0.8206,1.3505,-0.2755,0.114,1.4024,-0.4275,1.5757,1.5853,0.6528,-0.055,2.2635
-0.7559,0.0203,-1.0269,0.6202,0.5285,0.4644,-0.2735,-0.5506,-0.8346,0.4682,0.7828
0.4243,-0.8717,-1.2245,2.124,0.2374,0.9085,-0.4278,-0.1163,-0.177,0.5752,1.8938
-0.7233,-0.4214,-1.5731,0.1774,-0.7561,0.7777,-0.3707,1.3778,1.6404,-1.279,3.1881
-2.0021,1.0433,-1.1372,-0.9305,0.327,0.6353,-0.1556,-0.2923,1.1743,-0.9263,1.4014
-0.012,0.7964,0.2307,0.0708,0.9628,0.1721,-0.2962,1.142,0.4724,-0.8173,0.4797
0.2817,0.0611,0.5294,0.2205,-0.6025,-1.3703,2.32,1.1336,-0.5455,-1.1458,-0.1686
-1.4872,0.1858,1.0759,0.339,0.0558,-0.2189,-0.5102,-0.4523,1.8855,-0.2811,1.1625
-0.8977,2.006,0.4226,0.3833,-2.1415,-0.4621,-0.9672,0.2417,0.294,-1.2288,5.0129
-0.6073,-1.2558,-2.5547,-0.0637,-1.7973,-0.3891,0.2488,-0.0364,0.7365,1.2924,9.5065
-1.037,1.1891,-1.1877,1.9989,-0.6387,-0.3791,0.9312,0.6079,0.5203,0.9144,1.4596
0.0793,-0.4852,-1.437,-1.5849,0.6338,1.1609,-0.2939,-0.6637,1.0739,-1.1247,2.1873
0.7253,-1.4663,1.02,0.7066,-0.4231,0.2742,0.9471,1.3737,-1.7962,0.4516,0.909
1.2127,-0.0458,-1.0734,-0.501,-0.921,0.3277,-0.7951,-0.5425,-0.1693,0.6907,1.6022
0.6357,0.7999,-0.1126,0.7102,0.6726,1.9272,-1.2011,-0.2415,0.5857,0.1097,-0.3453
-0.9615,1.275,1.3389,0.2042,-0.1246,0.2999,-1.2235,1.1148,1.2926,0.2075,1.9076
-0.8394,-0.7757,1.455,0.4399,-0.3882,-1.9608,-0.1682,-0.7204,1.0504,0.4684,1.5357
1.5317,-0.891,0.1071,-0.2731,0.0254,-0.5266,-0.154,0.0587,0.4139,0.89,-0.4083
-0.1267,-0.2039,0.6389,-1.2442,0.0101,0.7856,0.4079,0.8187,-0.9755,-1.2556,0.2992
-1.0182,0.0191,1.9886,-0.1492,0.8909,-0.713,-0.436,-0.6886,-0.3505,1.0289,4.693
0.3839,-0.6511,-0.0135,-1.8922,0.9973,-2.7818,0.5976,-0.5568,-0.0049,-0.1962,0.9579
1.1651,2.2435,1.2219,0.9799,0.7182,1.6694,0.3259,0.5715,0.1612,-1.9828,1.8299
1.8407,-2.0802,0.7429,0.7016,-0.1747,-1.1406,0.3123,3.2873,0.1385,-0.8969,0.4594
-0.1604,0.8607,0.377,-0.2662,-1.1205,-0.6735,-1.0667,0.6018,1.198,1.1493,1.0516
-0.3552,1.4581,-0.1465,-0.3845,0.5445,-0.7009,1.5082,0.5048,0.588,-1.3643,0.1686
0.3157,-0.5972,0.5505,-0.8477,-0.3782,-1.2556,1.6493,-1.8528,1.5845,-0.2303,0.5452
0.6722,-0.0339,0.7773,0.3413,-1.4554,-2.7331,-0.3251,-1.188,1.1309,0.4618,2.6297
-0.6642,0.784,-0.2157,-2.586,-1.6659,0.8002,-0.6515,0.264,1.6242,-0.5961,2.637
0.6003,-0.5803,0.8366,-0.1563,1.2414,-2.0549,-0.3817,-0.1702,-0.2621,1.755,2.1743
0.9824,-1.5458,1.5072,-0.3026,1.1535,-0.4508,-0.3934,0.7343,-0.1706,0.268,3.5266
-0.8012,-0.5864,0.2031,-0.2144,0.5368,0.6811,-0.226,0.2578,-0.9259,-1.8335,0.3185
0.2936,-1.0461,-1.1761,-1.0937,-1.8879,0.1611,-0.1759,1.0251,0.1001,-0.7866,5.1784
-0.7756,-0.4756,0.0883,0.9033,-0.0348,-2.0032,0.0708,0.5675,-1.7559,-0.9058,0.1725
-0.5952,0.0271,0.7754,0.5569,-0.4071,-0.1198,1.177,0.4422,-0.7706,-1.0235,1.0102
-0.5514,1.5062,0.6697,1.0378,-0.8071,1.2056,-0.1092,0.2622,-0.0613,0.9535,0.5433
0.078,-1.9834,1.2137,1.3314,1.3611,1.5099,0.3959,0.5444,-0.3232,0.223,3.2764
-1.7243,0.3848,-0.3032,-0.5244,1.5774,-0.7753,-0.2099,-0.7223,0.896,0.3661,2.7735
-1.9694,0.1884,-1.3464,-0.6465,0.7824,-0.6776,0.8703,-0.3141,0.7187,-0.9998,2.5408
-1.4072,-1.7595,1.2084,-1.0455,1.0401,-0.3777,0.775,-1.3057,0.0004,1.2551,2.7214
-0.797,0.2655,-1.5628,-1.7091,-0.3614,-0.4517,-0.8701,1.6725,-0.3962,-0.9243,2.7225
-0.4601,0.6751,-0.2577,0.0558,-0.3841,-0.9119,-1.7706,0.6027,0.7798,0.0932,-0.1931
-2.5675,1.327,-0.5951,-0.757,0.6859,0.6756,0.0041,1.2367,2.1967,-0.2352,0.9165
-0.2423,-0.8616,-0.204,-1.3293,-1.881,1.6205,1.5092,0.8381,0.6486,-0.277,3.1218
-0.7082,0.4421,0.5352,-0.1462,-0.8898,1.2669,0.2229,-0.0471,0.1522,-0.4081,1.1463
0.8072,-1.2129,0.4274,-2.004,-0.4733,0.1553,-0.559,-1.0449,0.9706,-0.8463,0.4831
1.274,-0.5507,1.7069,-0.2825,-0.8487,0.03,0.3088,-0.4328,-0.5891,0.9543,3.9595
-0.0415,-0.9113,-2.234,0.0705,-0.1411,-0.0995,1.0147,2.0882,0.6129,-0.7551,4.7849
0.0651,0.6956,0.3283,-0.7504,-1.1266,0.8327,0.0932,1.4881,0.1435,-0.6184,1.066
-1.1169,-1.1993,1.2839,-0.809,-0.8172,-0.347,0.9245,1.0486,1.9406,0.824,2.1613
-1.7188,-0.8441,0.3604,0.3461,1.6402,-0.1739,-2.7035,1.3201,1.4208,0.5086,2.7569
0.4952,0.8797,-0.2128,-0.0808,-1.4391,-0.6862,0.7071,-0.5102,-1.4332,-0.5568,2.1698
1.0475,0.2832,-0.1645,-0.0799,0.4371,0.7856,-0.0348,0.8631,0.9195,-0.5978,-0.0152
0.701,0.2782,2.2632,0.1817,0.1274,0.1072,0.2832,0.5507,-0.2398,-0.1292,4.505
-0.2104,-0.4778,0.6961,0.8056,-0.577,-0.061,0.6754,-0.5523,0.3854,1.938,1.2484
0.3643,0.2583,0.8838,-0.6322,-0.4215,-0.5577,-0.7052,-1.3493,-0.2507,-1.4888,0.8496
1.1039,0.1122,0.5235,-1.8743,-0.2141,-1.7242,1.0361,1.1454,-1.0942,1.2881,0.3604
1.1365,-1.6841,1.6508,-0.1538,-0.8459,-0.161,-0.8006,-0.2245,-0.0831,-1.2727,3.4157
-0.4528,-1.6284,1.1196,0.5394,1.6634,-0.01,0.586,-0.0138,0.1514,0.4035,3.7677
-0.1899,-1.1182,-0.8417,-0.5253,0.461,0.1892,-0.212,-0.61,0.0881,0.9597,1.1866
-0.3717,-0.2508,-0.243,0.0726,0.5374,-0.3453,2.0903,0.535,0.5494,-2.8053,0.3455
-0.5985,-1.0167,1.5856,0.8211,0.3099,0.3488,-0.303,1.6067,-2.0268,1.0431,2.6861
-0.6075,1.2843,-0.4773,-1.1308,-1.0077,-1.1138,1.8702,-0.3993,0.6388,0.4133,1.0925
1.3054,-1.5354,-0.1208,-0.9071,-1.1544,-0.5047,1.4181,-0.833,0.4643,-1.0965,1.1304
2.8878,0.4427,-0.2919,-0.026,0.4315,0.2609,0.7749,0.0134,0.5965,-0.4621,0.1509
1.1049,1.2877,-0.8073,0.2465,1.145,-0.7254,-1.3826,-1.6452,0.0543,-0.297,2.2392
1.6014,0.1312,-0.8089,2.1511,-1.2759,0.1899,0.7196,0.6588,-0.1177,-1.8953,2.9121
-0.265,-0.6983,0.3536,-1.8506,-0.2511,-1.2405,-1.0384,0.3869,-1.0055,0.4337,0.5195
0.5765,-0.4416,0.7626,-1.4574,-1.6969,-2.1211,0.1275,-0.5704,-0.1147,-0.2449,3.3253
-1.0116,0.7889,-0.0365,1.3606,0.2958,-1.355,0.1757,0.1427,-0.4204,-1.3486,-0.2641
-1.3891,-0.0921,1.8902,0.6922,-1.5098,-0.9186,-0.9052,-0.1961,-0.8253,0.6274,5.6947
1.8623,-0.1817,1.0129,0.89,-0.9228,0.259,1.7724,-0.3428,0.4152,0.8405,2.3429
1.5099,-0.2341,-1.2998,-0.1453,0.7689,-1.012,-0.3582,1.3753,0.8117,0.4596,2.8479
0.9021,-0.18,-1.4062,0.8553,-0.4927,1.7568,1.9849,-0.6027,1.6197,0.3861,2.6334
-0.3269,-1.3763,-0.1234,0.2551,1.6636,1.1731,-0.7686,2.0514,1.8552,1.0376,2.7274
0.704,0.8413,1.0292,0.7838,-0.4793,-0.3077,-0.5401,1.233,-0.286,-0.0358,0.6543
0.891,-0.1565,2.0363,-2.7199,2.1499,-0.9601,-1.2477,0.0898,-0.7347,0.6414,8.3911
-0.5768,-0.2941,-0.4001,0.9846,-0.4631,-0.9546,-0.547,-0.3859,-0.5795,-0.6723,0.1174
-1.0113,-1.3268,-0.1657,-2.0235,-1.1463,-1.9108,1.0473,1.1072,-2.182,1.0645,1.3501
1.2832,1.5343,-1.0821,-1.585,-1.2926,-0.5442,0.0452,1.4895,-1.5924,-0.9008,3.3437
0.9538,-1.6668,-2.3853,-1.726,-0.1061,-0.0509,0.396,-1.1919,-1.2937,-2.0303,5.6448
1.5633,2.0126,2.2315,-0.2101,-0.2877,-0.616,-0.1054,-0.0986,0.9842,0.1293,4.4322
0.5103,0.189,1.0896,-0.3292,-2.1311,0.4731,-0.0124,0.5332,0.4853,-0.4661,5.5562
-0.3721,-0.7169,2.2828,-0.4872,-2.351,-1.2043,0.4185,-0.5555,-0.2384,0.209,10.5029
0.052,-0.9718,3.141,0.5113,-0.7461,0.7138,-1.2842,1.4078,1.5723,1.07,10.1438
-0.4773,1.1679,-0.6676,0.6044,0.7064,-0.0468,-0.2176,0.0549,0.1691,1.7829,1.3509
-1.4203,0.2382,1.1692,0.3742,1.0745,1.3849,-1.2763,-0.4826,-0.8511,0.1575,2.8576
-0.7203,0.2406,-1.2813,2.9897,-0.8865,-1.358,0.1711,0.0055,1.1834,1.6647,2.3065
1.0759,-0.4843,1.173,1.0366,-0.8278,-0.0761,0.3717,1.1157,0.6912,-0.1559,2.4191
-1.7723,0.1008,1.2203,-0.292,-0.8122,-0.7029,-0.0425,0.2306,0.7889,-0.2822,2.3558
0.6672,0.7076,0.6205,-0.7317,-0.1862,-0.1297,1.3356,-1.8543,1.552,-0.109,0.6244
0.3977,-0.5572,1.3737,1.4821,2.1831,0.8685,-0.3084,0.5529,-1.3163,-0.6415,6.5636
-0.5827,0.9691,2.0138,-0.5401,-0.5358,-0.1563,-2.4526,-1.0158,0.9079,0.9429,4.6377
-0.6558,-0.5523,1.6009,-0.2312,0.6348,2.4368,-1.582,0.0794,-0.2801,-1.2438,3.0834
0.1227,-1.4165,1.2542,1.2593,-0.0799,-0.489,1.7602,-1.1389,2.0068,-0.7118,2.3624
-1.161,0.5693,-0.6867,0.9475,0.6473,-0.8134,-0.3517,-0.182,0.0087,-1.1938,0.5901
0.2019,-0.12,1.3641,-0.2238,-1.2858,1.4841,-0.3573,-0.7752,0.2628,-0.7789,3.8892
1.2747,0.6764,1.6781,0.2476,1.8178,0.697,0.9774,0.3693,-1.0282,-0.8221,6.053
0.7491,0.6805,0.626,0.2787,0.3162,0.1028,-0.7562,-0.5949,0.0208,-0.1168,0.4773
-1.4479,-0.4104,-0.3136,-1.27,1.3714,0.9943,-2.6413,0.0718,-1.1509,-0.3721,1.906
-1.7913,0.3258,-1.7879,0.4764,-1.7607,-0.0098,0.8807,-0.2674,0.8479,0.5989,5.6731
0.3921,0.3432,-0.7212,0.1666,2.2304,-0.6561,1.5809,1.09,1.1392,0.1485,5.7765
0.6386,-0.483,-0.2829,-0.4439,0.0197,0.0545,1.0379,1.4987,3.1269,1.008,-0.3343
1.29,-0.7001,-1.02,0.1356,1.0577,-1.1934,0.1536,-1.3115,-0.0462,-1.0041,2.3815
0.0791,0.3253,0.9198,0.6051,0.0595,-1.252,-0.6922,-0.8003,-0.3953,0.9281,0.4519
-0.8328,-0.6177,0.3241,-0.8671,-0.206,-0.1,0.0701,-0.2152,0.3117,0.3908,-0.0613
-0.0659,-1.3897,1.0567,1.0832,0.5851,0.2629,-1.1081,-1.6362,1.3233,0.9136,1.8036
-1.2764,0.4598,-0.8267,-0.4518,0.6508,0.5714,0.3815,-0.3914,-0.4531,0.3374,1.2853
0.9334,0.0203,-0.0203,1.2061,0.3774,-1.2596,0.0641,-2.0839,-0.3692,-1.1898,-0.1778
1.5571,-1.1689,0.2876,0.0492,-0.9096,1.6115,-0.8107,-1.2029,-0.3236,0.342,0.729
0.2664,1.1705,-1.5007,0.9996,0.1652,-0.7019,-1.5009,0.3088,-0.2635,0.0378,2.6674
-1.188,0.3741,-1.1681,-0.4396,-1.0272,0.8795,0.1912,0.107,0.0294,0.7811,2.8136
-2.059,-0.4061,0.4003,-0.8813,0.5724,0.2968,0.4183,-0.413,-0.5239,0.1586,0.4504
0.5121,0.5839,-0.2046,0.6747,-0.8755,-0.7116,-1.39,-0.9871,1.1785,0.4841,1.2804
1.2691,1.5175,-1.5271,0.0242,-0.6839,1.3928,-0.3481,-0.3065,-2.4816,-1.2168,3.4882
-1.7994,-0.8534,0.1778,-0.6187,-1.2274,2.1839,1.2199,-0.0795,-1.7145,1.3549,0.872
2.048,-0.4439,0.6026,1.5453,2.1682,-1.3655,-1.5126,0.7198,0.846,0.464,5.4945
1.1453,1.8109,-1.2342,-0.2943,-1.3871,0.6614,-0.9037,-1.1464,0.7748,-1.8283,3.3138
1.9662,-1.3388,-2.7847,1.1526,1.4605,-1.0725,-0.8384,1.3336,0.6824,-1.6594,10.1406
-0.4964,2.3881,-0.1837,-0.1069,-1.1282,0.6208,0.0402,1.6007,1.957,-2.1882,0.7968
0.7847,0.4225,-0.4429,-0.9735,-0.4763,0.6414,1.8451,0.3473,0.2713,0.8216,0.8482
-0.1288,0.3156,-1.6391,1.0468,-0.5769,-0.6756,1.5594,-0.0829,0.9358,1.5326,2.8572
1.975,-0.0219,-0.0154,0.2319,0.2669,1.0653,0.6545,1.5044,0.2996,-0.2383,-0.281
-0.7564,-0.8427,-0.0544,-1.2068,0.2425,2.1351,1.4135,-0.7429,-0.7051,0.9007,0.2344
-0.3499,-0.0488,-0.959,-0.111,-2.5073,-2.0456,-1.3255,0.97,0.1561,0.9923,7.0785
0.9761,0.8278,1.643,0.8917,0.8937,-0.0664,0.178,-1.9686,-1.1258,-1.2637,3.0151
0.9077,0.3175,0.365,-1.7941,1.0167,1.6637,-0.3579,2.1464,-0.3463,0.0736,1.4768
1.6547,0.0294,0.731,0.1358,1.8582,-0.7157,0.0928,1.1439,1.1084,-0.4245,3.3279
-1.2244,0.8592,-2.2299,-0.0247,-0.5113,1.3153,-1.1085,0.1389,-0.2622,-1.6251,5.3125
1.1347,1.4681,0.2107,-0.9558,0.0222,-0.4633,-0.3562,2.2528,-1.319,-0.1748,-0.5723
-0.5676,-0.4614,-1.6729,-0.2962,-0.2716,0.3157,-1.8179,0.9445,-0.1415,0.4994,3.2475
0.3758,0.591,0.9598,-0.6601,0.5868,0.7504,-0.0292,0.0786,-2.2553,-0.2579,0.4653
-0.3304,2.1512,0.0592,1.2473,0.8124,-0.1077,0.5008,0.7011,0.5157,1.4866,1.0435
-1.6626,-0.4823,1.4269,0.7325,-0.8842,0.5197,-1.6637,0.587,0.501,1.9255,2.8629
-1.802,-0.6006,-0.3885,0.478,-0.8134,0.8954,0.1797,0.5284,0.2248,-0.6879,0.8009
0.4735,1.3073,-0.7745,0.6309,0.4019,-0.2553,0.2911,0.6825,-1.309,0.2539,1.3378
0.3012,-0.2298,0.877,-0.3024,0.6675,-0.6273,1.8996,0.1817,-1.0628,-0.9197,1.6605
0.0945,-0.3806,-0.4998,0.7158,-1.6057,-0.6941,-0.0117,-1.3424,0.5356,0.718,2.9671
-0.7013,-1.1374,-0.7024,0.3733,-0.2954,-1.0972,-1.0524,-2.3688,-1.7909,-0.116,1.0563
-0.6793,0.5323,-0.3864,-0.3,-1.0263,0.623,-1.7646,0.2435,-0.667,-0.4214,1.7333
1.6262,1.1674,0.3741,0.1604,-1.0782,1.7164,-1.3912,-1.4547,-1.2757,0.7906,1.159
-0.1845,0.2418,0.925,1.7277,1.9494,-0.9251,2.102,-0.2701,-0.3027,-1.653,5.046
1.3077,-1.3123,0.5542,0.0509,-0.344,0.4546,-1.0635,2.5845,-1.4745,1.8732,0.4895
-1.2851,-0.7995,1.0789,-1.1955,-1.2182,1.191,0.0376,0.6441,-0.3675,1.311,2.8015
-0.1666,-0.2492,0.1194,0.837,-0.0238,-0.9682,-1.0404,-0.3199,-0.2928,-1.6144,-0.417
-0.5786,0.5712,-1.9058,-0.7022,0.5518,0.4723,-1.4983,-2.0959,-0.1848,-1.6919,3.8507
0.5011,0.6879,2.0781,-0.5094,0.9845,1.1868,1.7306,-0.2336,0.4224,0.0262,5.0495
1.1279,0.2226,-0.6898,0.2257,0.3352,-1.3082,-1.1945,0.1686,-0.7268,-0.0638,0.997
0.0255,-0.1612,-0.0679,-0.0029,1.1253,-1.5231,-0.6784,-0.6318,-0.6415,-0.7324,1.3888
-1.94,-0.1075,0.1359,0.0353,-0.2935,-0.6043,1.4411,-0.9832,1.0205,0.6911,0.1428
0.1045,0.4098,0.2221,-0.607,1.9861,-2.5041,0.7938,1.0055,1.5814,-1.6041,4.0072
1.7741,0.2208,-0.0279,-0.5035,-0.0181,0.7311,1.4282,1.3224,0.9084,0.2089,0.2982
-1.377,1.1013,-0.1305,0.9232,-1.4547,-0.8961,0.8226,-0.5997,0.7957,-0.0904,2.4118
-0.9363,1.3677,-0.9652,0.3653,-1.4335,0.8347,-0.5178,-2.0752,-2.0038,-1.0211,2.9708
-0.1341,-1.2958,0.2589,0.4092,-2.2297,0.0487,0.3456,-0.5951,0.0594,-0.3742,5.3279
-0.3939,-1.2827,-0.388,0.8729,0.5818,-0.8452,1.3395,1.3201,-0.8339,-1.3361,0.1427
-0.0339,0.3102,-0.5982,0.7935,-0.4016,-0.2685,0.0002,0.3274,-0.917,0.201,0.7972
-1.9212,-0.2825,1.0224,-0.9264,-0.4427,-0.1891,0.3398,-0.4719,0.0206,0.3478,0.8289
2.1297,-0.0581,0.5738,-0.5747,-0.0106,0.577,1.548,1.2035,-0.0125,-0.7322,0.2649
-0.5676,0.5564,-0.7597,-1.3752,-0.1655,0.1242,-1.8854,-0.3988,-0.4608,-0.4827,1.4592
-0.8426,-0.473,-0.8477,-0.1163,0.7291,0.1911,1.5172,0.4756,0.4211,0.1105,1.3862
-0.5141,-0.9212,-0.1859,-0.6337,0.4148,0.1894,-0.0974,0.3573,1.2311,-1.6238,-0.5439
0.2299,-1.2555,1.2836,-0.5532,-1.6788,-0.88,0.0739,0.5357,0.5911,1.5063,4.6177
-0.0285,-0.0954,0.61,-1.1177,1.0882,-0.4676,0.1631,-1.4238,-0.1657,-1.9729,1.5407
-2.0382,1.9655,-0.6578,-0.2433,1.7261,-0.4132,-1.9707,0.8969,-0.6678,-0.8574,2.7942
-0.9779,1.8026,0.412,-0.4375,-0.838,0.4454,0.4691,2.0545,1.1606,-0.1526,0.9441
-1.4296,-0.8674,1.3528,0.9308,0.9228,0.372,0.3734,0.5319,2.3657,-0.7448,2.7948
0.6215,-1.0021,-1.0661,0.0707,-0.6805,-0.606,0.6159,-0.4566,1.1498,0.074,1.694
-1.3821,0.7825,-0.7293,-0.714,0.9431,-0.2298,-0.1649,-0.4735,-0.7603,0.1322,1.4522
-0.2897,1.3315,1.3949,0.6799,0.567,-1.0044,-1.246,-0.0385,-0.2461,0.3013,2.1048
0.1598,1.2931,0.0399,0.4526,0.677,1.3157,1.5941,-1.3358,-0.4636,-0.8017,0.1959
-0.7331,-0.886,-0.7926,0.416,0.3651,-1.2506,0.7948,2.593,0.4531,0.9469,0.9077
-0.7477,-0.3372,1.3153,-0.2365,-0.7155,-2.1033,2.0466,0.0866,1.5186,0.9111,2.1498
1.4146,-0.0096,-1.0853,2.3912,-0.8407,0.3828,-0.7804,-0.2871,0.4718,0.8359,2.1268
-0.7816,0.838,0.3477,-1.3496,-0.6396,-0.0417,-0.7016,-0.8756,-0.038,0.8711,0.5531
-0.5508,0.8758,-0.9877,0.0141,-1.4988,1.7874,-0.3539,0.1384,0.6346,-1.9616,3.1293
0.1315,-0.115,-1.2109,-2.2306,0.3122,0.0634,1.4331,-0.721,-1.4217,1.0516,1.1671
1.1077,0.5123,1.0627,-1.6506,1.1945,-1.4834,0.7242,1.1734,1.9841,-1.8986,2.3866
1.8687,-0.0417,0.9057,0.7876,2.0832,-0.8627,-0.8841,1.2747,-0.1221,-0.8154,5.7691
0.0595,0.8919,-0.0086,-0.0918,0.2542,-0.1798,-1.4562,1.2111,1.1573,-0.7051,-0.3429
-0.9159,-0.4283,-3.5361,0.4144,0.6273,-1.1203,-1.8981,0.591,0.6768,1.8346,13.4341
-1.4281,0.5703,-0.914,1.2173,1.3736,0.3175,-0.9332,-1.5968,-1.0395,0.648,2.6269
0.5124,1.0967,1.1101,1.0286,-1.176,2.2569,1.3158,0.3821,1.3537,-0.0933,2.6824
0.6556,0.167,-0.0232,-0.2518,1.0905,0.907,-2.0444,0.0828,-0.5673,-0.9098,1.3821
0.6324,1.2485,-1.1088,-0.6093,-2.3432,0.9391,0.3095,-1.0475,-1.9669,1.2885,6.2352
0.6978,-0.1834,-0.2607,1.3211,-0.6216,0.3663,-0.1899,-0.4137,-1.0523,1.4652,-0.2852
-1.1433,-0.516,1.3991,2.0703,-1.42,0.9291,-0.7417,-0.4362,-1.2116,1.6942,3.523
0.9301,1.0878,-0.3494,1.759,0.8234,-0.5461,-0.1018,-0.3242,-0.1623,0.2229,1.3876
1.1697,-1.1251,-0.6478,-2.034,0.2781,0.15,-0.1068,2.7533,-2.4074,0.9973,0.6221
-0.4637,-0.7139,0.5491,0.1392,-0.4794,2.5241,-1.3211,0.802,-2.2589,0.6252,0.218
-0.3358,0.066,0.6378,0.8385,0.2579,0.6368,2.1087,0.9392,-0.449,1.0226,0.6205
0.6136,-0.6018,-0.2559,-0.3225,2.2471,-0.2315,-0.3261,-0.0298,-0.8632,0.4155,4.812
0.684,0.0608,1.309,-1.452,0.3353,-0.2854,1.4677,1.0081,-1.3097,1.41,2.4199
-0.842,-0.2632,-0.3482,0.7594,-1.8515,-1.6691,-0.3583,-0.1902,1.2982,0.3085,3.2868
-0.8296,2.7067,1.067,-0.9292,-1.3659,-0.4777,0.108,1.4078,-1.2929,1.1702,3.0045
1.0513,-0.0982,-0.5723,2.4951,0.7435,-1.7716,0.8541,-0.0176,-0.4142,0.0843,0.5612
-0.3019,-0.0554,-0.3027,0.1953,0.0408,0.4874,-1.7152,0.5535,2.1682,-0.2561,-0.7134
-1.357,0.2286,-1.4369,0.0221,-0.6815,1.4843,-1.0897,1.3056,-0.2741,-1.6815,2.5455
0.2646,-1.1254,0.0763,1.3592,-1.0942,0.6384,0.2058,1.1615,-0.8473,-0.2854,1.3393
-0.5089,-0.9346,2.3786,-0.2561,-0.216,-0.8246,0.79,-2.3267,1.0745,-1.9036,5.5704
-0.4794,-1.3281,0.5374,0.0609,1.695,0.3302,0.5483,0.1575,-2.1495,-0.024,3.1954
-1.2892,0.2901,-0.7195,-0.7475,-0.4021,-0.1653,0.5222,0.143,-0.679,-0.4916,0.8579
-1.7715,-0.9149,0.8073,0.7577,1.1299,0.6702,0.8908,-0.0511,1.9032,-0.1996,2.2465
1.6367,0.1378,-0.8186,-0.0061,-0.5536,0.6846,-0.6888,-1.3694,1.4271,0.0036,0.7286
0.886,-0.2956,-1.6454,-1.1638,-0.4868,0.4622,-0.6279,-0.1481,-0.6854,-1.2815,3.5857
-0.7501,-1.8748,-1.4782,1.8107,1.5009,-0.2871,-0.5095,-2.2502,0.068,1.422,4.2951
-0.3353,1.127,-0.3913,-2.0939,0.3419,0.1129,0.1928,2.3365,-2.0319,0.3911,-0.215
-0.8235,-0.0203,-0.185,1.0947,0.0201,-0.6023,-0.7998,0.3385,-0.7062,-1.0021,0.1309
0.5539,0.2487,1.0848,0.311,1.6302,0.7156,-0.6342,-0.1031,1.0228,0.1917,3.7527
0.1767,-0.1152,0.286,0.738,2.1351,1.5128,-0.6722,-0.5474,-0.4706,-1.068,4.8184
0.0876,-0.3825,-1.3255,0.4352,0.0172,0.9915,-0.1547,-0.6016,-1.0128,0.5295,1.807
-0.2533,-1.7468,0.109,-0.4459,2.0303,-0.1736,-0.7108,0.1978,-0.7126,0.8178,3.8022
-1.491,-0.4329,0.5279,1.8776,-1.525,-0.3158,0.7439,0.827,0.7827,-1.6746,2.837
-0.8311,-0.2475,-0.1526,0.5111,1.204,0.3161,-1.4018,0.2375,0.2684,-0.1369,1.5682
0.338,0.2856,-0.7128,-1.3194,1.2228,-0.7383,-0.3925,0.7639,0.1038,-0.1695,1.7815
0.9912,0.0903,-0.3497,0.8554,0.1143,-1.2171,1.8571,-1.2732,-0.9248,-0.9542,0.2624
2.135,0.1355,2.2398,1.2926,1.1756,-0.2838,-1.0797,0.4871,0.4324,-1.4037,6.8296
-0.6294,-1.0928,-1.2705,-0.9761,-0.4176,0.433,1.4252,1.4989,2.2407,0.7159,1.96
0.551,-0.4494,-0.2862,1.7091,1.0859,1.0835,-0.5848,-1.2692,0.9174,-0.628,0.6253
-0.5462,-0.0768,-1.2458,0.1205,-0.494,-1.0011,-0.968,-1.1731,1.1121,-1.0831,1.9481
0.7181,-0.457,0.432,-0.27,1.1801,1.0378,-0.8573,-0.5124,0.2643,-0.9868,1.8103
1.2721,1.0773,1.034,1.345,-0.4954,-0.7077,-1.4365,0.7063,-0.4358,-1.6151,1.6796
-0.563,0.4215,0.9368,0.8619,1.6417,-1.6041,0.0307,-0.367,2.8804,-0.8153,3.6272
1.375,0.1287,0.528,1.1309,0.1593,-0.5449,0.784,2.1233,0.0227,-1.4295,0.4126
-0.2276,0.4762,0.0444,1.4394,0.1133,0.6413,1.7097,-0.4307,-0.8857,-0.0851,0.7117
-0.5192,0.4468,-0.2265,-0.302,0.2611,1.1907,1.2153,0.6013,0.9631,0.174,0.1285
-0.024,0.3703,0.3746,-1.0825,-1.0148,-0.4026,0.1758,-1.1491,0.2039,2.7561,1.2954
-0.2278,1.4206,-0.5475,0.9586,-1.5011,-0.3517,0.06,0.7492,-0.7334,0.897,2.6377
0.9419,0.708,0.2898,-2.1439,1.2737,-1.1776,-0.4243,-0.3726,-0.6654,0.6531,1.8277
-0.6482,0.7326,-2.4483,0.1837,1.2184,0.0834,0.3601,-0.6147,0.9336,1.401,7.369
-1.1419,-0.7978,-0.8379,0.231,0.9527,-1.5255,0.5682,0.2017,-0.1289,1.0053,1.9556
-2.8599,-0.0876,-0.2215,1.0105,-1.9891,-1.3491,-1.1046,0.6226,-1.2187,1.4276,4.6451
-0.7398,0.8417,-2.311,-0.0477,-1.1302,-1.0236,-1.2133,-1.5261,1.4795,0.8537,6.5428
1.5548,0.0341,-0.7674,-1.9141,-0.2646,-1.4058,-0.007,-0.4296,-0.3799,-1.1758,0.4014
0.4662,-0.0833,-1.6905,0.1944,0.1744,-0.9244,-2.2586,-1.5284,-0.2907,0.0234,3.6031
0.1885,-0.5142,-0.3467,0.7603,-1.5495,-0.1576,0.3154,0.2032,0.4506,1.8557,2.4676
0.8078,0.4682,-0.1109,1.3698,1.3267,0.4819,0.3152,1.0987,-0.9218,-1.3057,1.3451
1.6776,-0.9721,-1.6755,-0.7021,0.5758,-0.8879,0.2355,-2.0855,-0.4465,-0.7069,2.8378
0.776,1.0418,0.6143,-1.1104,1.1038,-1.0817,1.5048,-0.4653,-0.845,-0.2437,2.2382
0.1776,0.3742,-0.6257,-0.1445,-0.6089,1.0599,0.1603,0.4803,-0.5549,-0.9731,0.2979
-1.2599,0.0476,-0.2016,-0.8077,-0.2194,-1.5695,-0.8646,-0.2498,-1.0939,0.2193,0.3099
-0.6894,-1.2853,-0.5707,0.993,-0.1782,-0.2748,0.5731,1.9648,-0.9525,0.4478,0.2315
-0.4454,1.8058,0.2196,1.3053,-0.9881,1.961,-0.0547,-0.2327,-0.0301,-0.6804,0.8927
-0.2342,0.4689,0.8536,-0.2227,1.1374,-0.2453,-0.3467,0.1032,0.0996,0.3684,2.2526
0.0505,-1.9265,0.3707,0.1025,-0.8659,-2.3931,0.5083,-2.2492,-0.0115,-0.3336,0.8606
-0.8935,1.1049,-0.4442,-0.6052,1.2018,-0.1722,-1.6115,1.1177,0.9345,0.4483,1.5963
0.7155,-0.826,-0.6328,-2.0603,1.353,-0.2013,-0.8878,0.9513,0.6283,-1.0597,1.9385
-1.1962,0.1878,-1.6926,-0.0622,0.1665,0.2992,-1.4564,-1.6697,-0.2418,1.3672,3.4288
0.4571,2.0915,-0.1855,1.0351,-0.8233,-1.8727,1.6789,-0.6325,-1.5174,-1.7759,0.5247
0.7763,-0.4436,0.3959,-0.028,-0.4463,-0.5781,-2.6006,0.5178,-1.4172,-0.3383,0.1061
0.3808,-0.8296,1.4979,0.6589,0.7443,-1.9068,-0.9834,-0.9891,-1.5534,0.7777,2.6093
0.435,0.1968,-2.2612,1.2854,0.1901,-1.1152,0.4469,1.0993,-0.2488,-1.2815,4.9892
-0.6948,-0.7557,1.2945,-0.2845,1.0658,-2.5451,-0.018,2.2582,1.0348,1.3994,3.2115
0.5574,-0.3471,1.0273,0.6727,0.0822,0.0641,-0.4429,-0.2516,1.1205,-0.0802,1.338
1.3547,0.9074,-2.2164,-0.552,1.1088,-0.1272,-0.8842,-0.285,1.7973,-0.334,6.3131
1.1604,-0.6855,-0.9587,-0.11,-1.0083,-1.0753,-1.3464,0.3885,0.5236,-0.7618,2.2582
1.3174,1.671,-0.4344,-0.1828,-0.5561,-0.7139,-0.5615,0.0534,1.0442,-0.2027,0.2852
1.0344,0.4752,1.3522,-0.0453,-1.6834,-0.3935,0.4579,-0.6935,1.7397,1.1994,4.5693
0.7915,-0.448,-0.3878,1.4408,-0.4313,0.0677,0.7479,0.1252,1.0339,-0.5715,0.5912
0.0166,-2.6191,-0.2603,-0.1059,-0.8808,-0.7979,-1.2005,1.5637,-1.6936,-0.1653,0.5502
-0.0899,1.0675,-0.6593,-0.7242,-1.5478,-2.1356,0.7,3.1925,1.2044,0.202,2.742
1.2457,0.2265,-0.4592,1.0431,0.4201,-0.9662,-1.3408,-0.0485,-0.5329,1.0207,0.1371
-0.9425,-0.3876,1.2575,-0.6472,-1.6991,0.4527,-1.0058,0.274,0.0044,-0.1969,4.2864
0.6072,-0.5703,0.1719,0.2879,1.0223,1.7466,-2.1769,0.0389,0.4325,0.5902,0.4612
-0.8818,0.3646,-0.7226,-1.2904,0.5899,-1.1002,-0.6233,-0.5276,1.6709,0.5753,1.3929
0.814,-1.2243,0.0644,-0.397,0.5856,0.6885,1.5437,0.1754,-0.0491,-0.2308,0.5375
-0.4135,-0.3907,1.4637,0.824,-0.6365,0.4383,0.9209,-0.7782,-0.7074,-0.3822,2.7643
1.2307,-0.2128,0.3075,-0.0762,-0.508,0.0783,-0.1722,0.1678,-1.2928,1.4699,0.4225
-0.3247,1.4537,0.6786,1.5005,0.5657,-0.5417,-1.8446,-0.0778,-1.3932,1.5064,1.0882
2.0259,0.5143,-1.5949,-1.0912,0.7267,-1.9913,-0.7816,0.4405,0.581,0.1611,3.0833
0.36,1.5928,0.9786,-0.0793,-0.2122,-0.5488,-0.3439,0.9862,-0.1027,-0.6922,1.056
-1.2495,0.1646,1.1449,1.1236,-0.4473,-1.657,-0.5466,0.6502,1.2498,-0.6241,0.6845
0.2371,-0.0844,-1.2274,-0.8286,-1.2691,0.619,0.9737,1.0343,-0.49,-0.9772,3.1258
1.0359,0.6036,-1.5884,0.5625,-0.1482,0.3521,0.3482,1.8218,-1.081,0.2464,2.4191
-0.4033,0.5726,-0.5013,-0.6481,2.1971,1.1423,0.6398,1.3433,2.0409,-1.1082,5.1558
1.3582,-0.8221,0.4873,0.032,-0.1783,-1.0538,-0.8894,0.3926,-0.7803,-0.2741,0.3478
0.261,2.506,0.9087,-1.4093,0.0659,1.5244,-0.7419,-0.716,0.2061,-0.6621,0.5924
0.369,-0.1762,0.5642,0.3391,-1.1275,-0.9945,0.4594,-0.4018,-0.9241,2.1445,1.9858
0.6448,0.985,-1.1345,1.4563,0.9275,1.4643,-0.706,-0.7482,1.0182,-0.6034,2.0435
0.0797,0.6666,1.5229,0.7068,-0.8599,1.6092,-0.6644,-0.1132,0.5336,-0.4028,2.5387
-1.4494,1.8819,-0.1661,-0.0234,-2.2444,-0.1897,0.5733,-0.3118,0.6732,-0.609,5.0303
-0.3283,1.5383,-0.6177,-1.8447,-2.179,0.3663,0.2614,-0.4797,-0.9689,0.0312,4.7768
1.7347,0.6152,-0.0128,0.7558,-0.0866,-1.6363,1.2913,-0.2374,1.5572,-0.3325,0.1593
-1.8091,-2.7064,0.1051,-0.4869,0.567,2.0769,0.3745,-2.0675,0.8875,-1.11,0.6007
-0.5038,-0.0183,-0.2891,-0.614,-1.63,-1.7515,0.8573,-0.9993,0.204,-0.0433,2.616
-0.5442,1.4921,-1.358,1.0502,-0.0543,-0.3393,-0.2972,-1.6103,1.8399,-0.5907,2.0928
0.7069,0.174,0.4782,-0.6879,-1.3891,-0.677,-0.0979,-0.6028,1.1797,1.6543,2.1628
-0.145,1.7282,-0.434,0.0125,-2.0338,0.171,-1.1514,-0.0107,0.5551,0.2002,3.9442
-0.0707,-1.244,1.3358,-0.1513,-0.4791,0.2063,-1.9414,-1.8725,0.4112,1.9896,2.1959
1.3209,0.0547,-0.121,0.21,-0.4702,0.8001,-0.6249,0.314,0.1257,0.6248,0.2435
-0.5899,-0.6756,-0.4608,0.2295,2.1476,-1.3341,-1.0254,-1.056,0.0963,-2.0833,5.0459
-2.1135,-1.303,1.2234,-1.1771,-1.2134,0.6081,0.6583,0.9628,1.3209,1.3684,2.8719
0.5862,-0.3371,0.0269,1.1177,-2.4885,-1.0763,-0.537,1.4989,-0.8909,-0.2937,6.387
0.8863,0.262,1.593,-1.6601,0.2391,1.3053,-0.3225,-0.6382,0.0489,-0.3653,2.4086
-0.099,-1.2829,-1.3051,0.3526,-1.3862,-0.1436,-0.4448,0.5956,-0.9719,1.1608,4.4118
-1.5312,0.3264,-0.9392,-0.4631,0.8326,-0.2765,-0.5906,0.1806,-0.0412,0.9107,1.8326
-2.9788,2.053,0.3142,1.9239,-1.228,0.468,0.0505,-0.5002,0.3638,-0.234,1.5726
0.2171,0.4515,-0.7083,-0.9416,-1.1769,0.3023,0.6777,-1.354,-1.1549,0.4109,1.9371
0.5225,0.6178,0.454,-0.3776,0.1398,-0.1613,-0.2474,-0.7801,-1.0285,1.1262,-0.2047
-0.6512,0.9781,-1.23,1.0165,0.7457,0.2398,-0.9112,-1.1115,-0.1368,-0.8328,1.919
0.1407,-0.594,-1.1175,-1.2679,-1.1307,-0.0958,-1.4428,-0.7897,1.3277,-1.3045,2.6303
-0.1745,-0.1809,-1.4894,1.865,-1.6204,-0.0245,-0.2075,1.3578,-1.8912,0.2624,4.5652
0.3751,-0.1708,-0.5869,0.4434,1.7959,0.8507,-1.8666,-0.5007,1.0741,0.7635,3.6917
0.0164,1.0018,0.4684,-0.3938,1.253,-0.4832,0.0938,0.2826,-1.1327,0.94,2.0895
-1.0751,-0.167,0.5395,1.1656,2.5526,1.1087,0.6129,0.909,1.4146,0.969,6.8732
1.3659,0.5775,-0.9197,-0.2056,1.2861,-1.1889,-1.2114,-0.518,-1.0105,-0.2068,2.3744
-1.6846,1.4313,0.1777,-1.6738,0.2617,1.223,0.4306,0.4449,-0.0862,1.0285,0.6121
-0.3419,0.5639,-0.4053,-1.1797,-1.0166,-0.5855,-1.3302,-1.0631,0.6619,2.0473,0.4966
-0.2875,1.3592,0.0108,0.018,-1.42,-0.8371,-0.345,0.1435,-0.7436,-0.5568,1.6562
-1.3737,1.2804,0.8585,0.4345,0.0785,1.7189,0.5126,-0.478,-0.3841,-0.5396,0.7539
0.6755,-0.3913,0.0405,0.1695,-1.0682,-0.2514,-1.0893,-2.2704,0.5942,0.1142,1.0489
0.3255,-1.2918,0.9943,0.1242,-0.1261,0.2305,0.5476,1.8452,0.7067,-2.7427,1.0242
-0.703,0.6399,-1.3433,-0.6505,0.2358,1.2814,0.3321,-0.4381,-0.0603,0.1755,1.8944
-1.0673,0.5523,1.0345,0.7643,0.7487,0.3473,-1.2238,0.7752,0.5008,-0.2686,1.3807
0.878,0.0418,0.0427,-0.082,0.2646,-0.7874,-2.3012,0.4932,0.184,0.3033,0.0824
0.1294,-1.1562,1.3445,2.4304,-0.6501,1.0973,0.7387,1.4856,0.2354,0.3607,2.3394
-0.4983,1.1498,-0.1364,0.7906,-0.7931,-0.2045,0.9442,-1.5459,0.3482,-1.5059,0.914
0.6562,-0.3719,-1.269,-0.0696,3.3558,-1.2798,1.0776,1.266,-1.124,1.5726,13.0656
-0.7444,0.2403,-0.6681,2.4092,-0.0385,0.5454,-0.16,-0.2703,0.6599,0.1534,0.5253
0.0341,1.4536,-0.8171,-0.1184,-0.2101,-2.224,-0.098,1.7027,-1.0513,0.2325,1.0246
0.3927,-0.9312,-0.3705,1.6324,0.9139,-0.7351,0.5569,-0.605,-0.4948,-0.3855,0.6672
-0.6474,0.6402,-0.5488,-0.2088,0.2785,-0.5005,-1.0939,-0.1964,-1.0809,-1.0433,0.5314
1.2666,0.2311,-0.2096,-0.0662,-0.3526,0.3622,0.2237,0.1774,-1.2481,2.0504,0.275
0.2835,-0.8365,0.8429,1.9404,-0.4127,-0.0717,-0.2935,-2.1449,-0.833,-3.2995,0.8361
0.4219,1.3051,1.8765,-0.9885,0.2663,0.3547,-0.5181,0.3744,-1.3113,-0.1258,3.245
-0.1248,-1.7682,1.6189,-1.1336,1.3903,0.1607,-0.8504,0.4518,-0.4529,0.1569,4.8719
1.1793,0.5225,1.0277,-0.027,0.4325,-1.054,-0.9941,0.5196,-0.2043,-0.9475,1.397
-0.3542,-1.1247,-0.5747,1.1268,0.7174,1.1872,-0.3146,-0.9773,-0.8761,-1.4143,0.3418
-1.1505,-0.5679,-0.3979,2.0693,-1.6539,-0.1871,-0.8785,0.2471,1.9958,1.9126,2.7845
2.2805,-0.1773,-0.7752,-0.0982,0.1975,-1.2535,0.1842,0.2791,1.0479,1.0049,1.2522
-0.2983,-0.8395,0.191,-0.0464,-0.7018,0.2847,-0.0165,-0.0747,-0.1342,0.6183,0.6194
-1.0902,-0.5471,-0.8761,-0.5669,-0.048,-1.5941,-1.1398,-0.8339,1.6948,-1.2725,0.8914
0.2719,-0.7527,0.3115,1.2446,-0.2304,-0.9868,-0.2612,-1.4798,1.0664,1.2139,0.3206
1.8148,0.1027,1.2996,-0.8893,-0.2811,1.97,-0.8637,-0.1231,-0.2942,-0.8937,1.618
-0.2973,-0.3819,1.7433,-1.5967,-0.0361,-1.3673,1.3356,-1.3819,-0.0602,-0.8998,3.2073
0.4495,0.594,1.8144,-0.4211,0.7556,-0.6973,0.3372,-0.6773,0.3234,-0.4116,3.9633
0.8528,0.8717,1.7866,0.4542,-1.8907,-0.5645,-1.1423,0.5583,-0.1781,-1.4241,6.6953
-0.759,-1.319,0.7632,0.2741,-1.0815,-0.3388,-0.5342,-0.2481,0.2507,1.1309,1.8098
-0.9531,-0.7896,-1.1814,0.1645,1.1955,-0.4109,-0.5117,-1.2961,0.2974,0.6601,3.3217
0.6813,0.1708,-0.7801,-1.6328,0.4173,-1.8903,1.6067,-1.0504,-1.1743,0.3766,0.8411
-0.7416,0.2977,-0.2942,-1.087,0.442,0.1554,0.3889,-0.1787,0.5878,1.4749,0.0142
0.2429,-0.6603,1.177,-0.574,1.3349,0.7289,-0.211,1.665,1.2036,0.2453,3.3381
0.7653,-1.3384,0.3798,-0.7934,-0.6522,1.5632,1.0926,0.6511,0.0107,-0.3498,0.3681
1.0934,-0.2412,-0.3267,1.6063,-0.1123,0.6008,-0.4009,0.0223,1.2589,-0.616,0.3741
0.4967,0.7408,-1.7,0.1894,0.7583,0.5627,0.8066,0.9796,1.307,-1.0281,3.6049
-0.2222,0.9765,-0.0462,0.859,-0.3761,0.2407,-0.2167,-0.3564,-0.0071,0.1193,-0.2508
2.0396,-0.7128,-0.7235,0.1028,-1.718,0.3331,-0.541,0.0032,-0.5633,1.1503,3.8401
-0.9918,1.8889,-0.7572,1.3848,0.7137,-1.6068,0.6796,-0.6241,0.1054,1.209,0.5665
0.2582,0.8333,-1.5897,-1.7243,2.2935,-2.1678,-0.6348,-2.2687,-1.1724,0.723,7.89
1.6208,-1.3441,-0.0542,-0.1637,-0.0213,-0.6782,2.389,0.1688,0.2886,-0.016,0.0231
-0.76,-0.2266,0.2737,0.671,-1.0645,0.7904,0.3163,-0.6283,-1.4455,-1.404,0.5772
-0.1701,1.1063,0.6547,0.407,1.669,1.127,-0.1566,-1.6561,0.3173,-0.5211,3.6018
-0.4391,0.628,-0.0486,2.1702,2.2188,0.919,1.2558,1.3972,0.7584,-1.5472,5.0074
-0.7565,-0.5072,1.9784,-0.4499,0.2749,2.2131,0.7225,-1.5357,0.0974,1.2496,3.3444
1.1348,-0.4496,-0.7037,-1.0611,-0.2305,0.4613,-1.3974,1.3374,-1.171,1.1067,0.9264
1.3879,0.0923,0.8899,-0.4721,1.4962,-1.1349,1.5975,1.4248,-1.0815,1.2145,2.9862
-1.4445,-0.1921,-0.0119,1.258,0.5856,-0.4826,-1.2987,0.2362,0.2507,-1.1861,0.7892
0.4412,0.3514,-0.5999,0.2473,0.096,-0.7622,0.402,-0.1551,-0.499,0.0435,0.5474
-1.4986,0.0366,-0.1581,0.5099,-1.3492,0.5735,1.0873,1.0465,0.5374,1.5354,1.4472
1.2087,0.7813,0.967,-1.2059,-0.1308,-0.7281,-0.3643,-3.0742,-0.3669,0.1603,0.9779
-0.4209,-1.5071,-1.6799,-0.8535,0.5144,0.9398,2.7464,-0.8891,-0.3013,1.1745,3.1195
-0.8678,0.2596,1.787,-1.5447,-1.7845,0.02,-2.2352,-0.0494,-0.5662,-0.3675,6.423
-0.9767,0.0181,0.0247,-0.6287,-0.814,0.0386,3.3682,0.5274,-1.6191,-0.4164,0.6599
0.0095,0.9716,-0.4532,0.3363,-0.6786,0.4708,-0.958,0.256,0.8782,1.0734,0.7523
-0.2217,1.0412,0.7919,-0.3374,1.1783,-0.7461,1.1316,0.6024,0.3896,0.3761,2.4232
-0.4763,-0.9262,1.339,1.0382,-0.4102,1.4802,-1.0785,1.366,-1.2995,-0.2779,2.211
-1.5484,-0.9872,-2.5204,-0.0741,0.2712,0.0991,-0.4465,0.8356,0.9128,-1.0819,6.8867
1.7316,0.316,2.6086,-1.1312,-1.1757,-1.4303,0.2246,-0.2823,1.4485,-0.2837,7.8109
-0.9769,0.1216,-0.2355,1.5758,0.2524,-0.8532,0.3453,-1.6334,1.0769,0.4202,-0.1494
0.6167,0.4787,-0.4498,-0.1762,-0.253,-0.2468,0.1925,-0.0367,0.3704,0.7747,0.44
0.2872,0.0768,0.7264,-1.5708,0.7954,1.9473,0.7374,-0.522,-1.087,0.5769,1.3594
1.1181,0.3353,-0.3483,0.3913,0.199,1.3618,-1.8905,-1.5521,-2.038,0.067,-0.0722
-1.5296,-0.1307,-0.8531,1.0754,-1.4727,-0.938,-0.733,1.6672,0.8739,-1.6023,3.235
0.0835,0.6212,-2.3684,-1.9424,-1.9904,-1.1208,-0.376,-0.0717,1.7205,-0.7711,9.2035
1.1313,-1.6885,-0.6514,-0.8139,0.5738,0.1191,-1.3862,-1.0902,-1.6049,0.2512,0.2598
-1.6816,0.2026,1.073,0.6221,0.6215,-1.6089,0.5302,0.1907,0.0451,-0.3436,2.2232
0.0965,-0.8683,0.0922,0.086,-0.5599,1.4035,-0.8078,-0.7951,-0.1053,-0.7136,0.433
-0.7253,1.2559,1.1078,1.2466,0.7854,-0.7351,-1.4324,-0.2371,-0.1459,-0.2626,2.5316
1.0415,0.8914,-1.7239,0.6038,-0.6537,-1.3907,0.9702,-1.2448,1.087,-0.7432,3.3328
0.9036,0.2766,-0.3245,-0.5508,0.3922,0.7299,1.1716,0.2521,0.0283,0.2012,0.2408
-0.2108,1.4218,-0.997,0.0039,-0.8137,-0.2336,-0.1753,-0.5214,-1.2809,0.0549,1.3062
-0.0634,-2.1229,-0.8203,-1.217,-0.2218,-0.1023,0.1431,-0.7523,-1.5474,-1.1917,0.363
0.1309,0.5471,1.1149,-0.1556,-1.2724,-0.4613,-0.1021,-0.1666,0.2958,1.8975,3.2041
0.6691,-0.7539,0.6635,-1.4793,-2.5284,-0.362,0.0605,-0.2279,-1.0434,-0.9102,6.2388
0.8614,-0.4068,-0.604,-0.774,-0.3224,1.0356,-0.9577,-0.0289,-0.4319,1.0612,0.51
2.1807,0.2115,0.3524,-1.0251,0.7976,-2.3166,-0.1494,-1.8645,-0.8279,-2.8304,0.8538
-0.7181,0.6745,-1.5672,0.6127,-1.0147,0.6563,-0.5026,0.1414,0.4797,-0.2128,3.4197
0.098,0.1881,-0.3921,0.1357,-0.381,1.4339,1.1197,0.1302,-0.4739,0.8952,0.1818
-0.1379,-0.8088,-0.8903,-1.1583,-0.8201,0.7666,-0.6703,0.6398,1.3462,1.4057,1.5233
-1.5367,-0.012,1.488,0.9924,1.8102,0.4324,0.0226,0.7233,-1.5177,-1.1536,5.3892
0.2425,-0.3003,1.0803,0.8069,-0.3837,-0.4703,-0.0023,-0.9492,-0.1463,0.6383,1.778
0.3356,-0.3331,-0.5769,-0.8195,-0.7757,1.1078,0.2759,0.2343,-1.7554,-0.2418,0.965
0.4883,-0.1071,-0.6621,1.4884,0.6809,-0.9116,0.4131,0.2586,-0.6469,-0.7585,1.0564
1.2155,1.5047,-0.1168,-0.9491,-0.7927,-0.1624,1.396,0.0112,1.2995,-1.1831,0.3805
-0.1866,0.191,1.0053,0.0853,0.6478,-2.161,0.8092,-0.6532,-1.336,-2.2847,0.9714
-0.0434,-1.1626,1.147,-2.0631,-1.3489,-0.1096,-0.0603,0.3537,-0.1713,1.3011,2.4183
-0.1009,-0.5252,2.3835,-0.7876,1.0471,1.564,0.5675,-1.7831,1.7573,-0.1638,6.3644
1.4236,-0.9416,-0.7321,1.3777,-0.1832,0.1804,1.6953,0.168,-0.7125,-0.6053,0.5379
-0.7928,-0.2933,0.7864,2.2811,0.9171,-0.2441,0.8844,1.0427,1.9915,0.562,0.8666
0.7273,-0.1629,0.2992,1.3018,0.8154,2.6339,-0.0111,-0.1399,0.4438,-0.0884,1.1862
-0.0382,0.1101,-1.1012,0.2172,-0.2095,-0.5699,0.3851,-1.4081,-0.6856,1.0309,1.6825
0.7462,0.787,0.2305,-0.4452,-1.4236,-0.8268,0.6366,0.5317,0.13,0.7418,2.1998
0.715,-0.3963,0.369,-1.8414,0.2776,-0.5355,-1.0996,-0.2349,0.2729,-0.9042,0.3051
-0.7305,-1.1593,-0.6947,0.7765,-0.0944,0.1871,0.0969,-1.2329,1.0938,-0.3886,0.5542
0.0351,1.8692,-0.0271,0.1915,-0.0973,-1.5307,-0.0279,0.2918,2.1719,-2.3384,0.6052
1.4166,-1.6937,1.5891,-0.1156,-0.9835,-0.6859,-1.2937,0.3474,-0.1964,0.6001,3.093
-0.8227,-0.8264,-0.1146,-0.7703,-0.4696,-1.0858,0.7665,1.3217,-1.8768,-0.4946,0.4064
-0.5941,-0.0563,1.9948,-0.0516,-0.1828,-0.0125,-2.1172,-1.8767,1.5648,0.3133,4.1813
-0.6141,-0.3655,0.1907,-1.1215,0.375,-0.9667,0.0728,-2.243,0.5006,-1.8634,0.4713
0.6006,-0.3266,-0.9701,-0.6328,0.1758,-0.4751,0.3999,2.4308,-0.6406,-0.8935,1.0474
-0.844,0.664,-0.6505,0.6389,-0.1182,-0.5879,0.8352,-0.7611,1.1902,-0.1049,0.3363
1.5559,-0.6432,-1.3566,-0.9571,0.9369,-0.1832,1.2831,0.6175,0.607,-0.1525,2.784
0.4205,0.5751,-1.7883,0.8779,-0.1931,0.0104,-0.3623,0.6596,-0.2512,-0.3187,3.1131
-0.4481,0.952,1.4802,-2.1427,0.4091,-1.2219,0.5205,-0.8862,-0.8974,2.8608,1.9296
1.0011,0.738,0.3729,-0.0017,1.1102,0.0382,0.2872,-0.5718,-1.9922,-0.3987,1.5919
0.2146,-0.9569,0.8547,0.5828,-0.224,1.966,-0.1578,-0.2268,1.1296,-0.382,0.7867
1.369,0.8251,-0.8768,-1.1305,1.1075,-1.007,2.2508,-0.566,1.9291,1.8374,2.1657
-0.5048,0.1261,-1.6201,-1.2615,-1.0543,-1.9431,-1.5061,1.9397,-1.8894,0.6776,3.6627
-1.1172,0.4048,-0.0044,0.8265,-1.5715,-0.2386,-1.0986,-0.4846,-1.4697,-0.7839,2.5199
1.3032,0.9528,1.0894,-0.3097,0.059,-1.1499,-0.9714,1.3579,0.946,1.002,1.1976
-0.0064,0.4949,-0.4476,-0.4958,1.7021,1.1765,-0.7659,0.7905,0.3452,1.0132,2.9943
-1.4622,1.3141,-0.1479,-0.2065,0.469,-0.1811,0.076,-0.4247,0.9033,1.8461,-0.1554
-0.9896,1.1172,0.2696,0.0645,-0.2589,-0.1925,-0.9365,-0.2637,0.5465,1.0545,-0.2356
0.7436,-0.6629,-0.5275,-1.2453,-1.4408,-1.5684,-0.9407,-0.5412,1.1514,-1.1554,2.0397
-0.4027,-0.7578,-0.7341,0.4496,-0.2981,2.42,0.4285,-1.1593,0.4183,1.3228,0.665
-0.5549,-1.9667,-0.2015,0.8208,-0.4461,-1.0331,0.0016,-1.2362,-0.8147,-0.1153,0.0631
1.1188,-2.1623,-0.639,1.3111,0.2807,0.1586,-0.3529,0.2563,0.7488,-1.0307,0.2124
-0.4651,0.2035,-1.3242,-2.25,0.1041,-0.942,-0.6387,-1.0504,-0.8189,-1.5591,1.7801
-0.9668,0.5296,0.0457,1.3097,-2.3999,0.4467,-0.2511,-0.2675,-1.2459,0.109,5.3978
-0.9654,0.8842,1.974,-0.6193,0.8272,1.1578,-1.0424,0.0429,0.0462,-0.4684,4.595
-2.7408,1.1771,1.2772,0.3913,-1.8554,0.2698,-1.5254,1.7889,-1.2948,0.2707,5.2752
-0.1409,0.2464,1.4255,-1.0692,0.0924,-2.2127,-2.108,1.8469,0.5224,-0.3046,2.2552
0.6853,0.3277,1.673,0.4562,1.145,0.6398,1.4132,-0.9876,-0.6213,-0.7115,4.1399
0.5178,0.5291,0.052,-0.9216,-0.0001,-0.5974,-0.7364,0.0735,1.5949,0.2467,-0.0415
-0.2501,-0.1535,-0.7767,0.2255,-0.4215,-0.3784,0.1548,1.0789,-0.3639,0.6935,0.423
1.2626,1.2099,1.4096,0.6891,-0.5585,-2.2514,1.415,-0.8564,-1.1537,0.5518,2.1381
-0.8556,-0.688,1.8231,-0.1419,0.8585,0.6901,-0.3315,-1.3721,-0.1368,-0.0302,4.2039
0.5194,1.4414,0.9006,-1.9014,0.2936,0.2927,0.1091,-0.6454,0.1875,-0.5333,0.7484
-0.168,0.2872,0.8803,0.9121,-0.2847,0.7611,-0.0684,-0.6045,1.033,-0.9976,0.6593
-0.2621,-1.7264,-0.0468,1.6844,0.0125,0.2656,-0.5974,-1.1954,-0.0832,-2.2359,-0.2737
-1.9783,0.413,-0.2439,0.2479,-1.1515,0.0325,-0.8231,0.572,-1.3977,0.2353,1.2254
1.683,1.7678,0.1044,-0.253,0.3889,1.7727,-0.5737,-1.7014,-0.6618,0.5244,0.8115
0.2009,-1.0418,0.7654,0.1511,0.4707,1.1908,2.6778,0.0524,-2.2366,-1.3126,0.6981
0.6758,-0.3214,0.4744,1.4123,-0.2133,-0.2194,1.3786,-0.2477,-0.4641,-0.2599,0.0447
-0.3266,-0.1671,-0.6221,0.6588,-1.0403,-0.2216,-0.3545,-1.5798,0.8424,-0.3896,0.9345
-0.0053,-0.2925,0.3167,2.0182,-0.0201,0.1306,-0.0608,-2.4514,0.306,-0.6259,0.1478
0.897,-1.0799,1.2572,-0.9237,-1.5943,-0.9388,-0.4203,-0.1655,0.8156,-1.4561,3.7349
-0.345,-0.374,0.8099,1.3016,0.0674,-0.7679,-0.105,-0.2029,-2.0283,-0.3874,1.1219
0.6575,1.3505,1.5341,0.0275,0.0507,-0.6368,-0.3968,1.3848,-0.7239,-1.2017,2.7179
-0.9712,0.298,-0.8416,0.9342,1.8291,-0.5005,-1.417,0.1391,-0.3382,0.9724,4.2071
1.423,-1.6138,-0.0966,0.5015,-0.5495,0.5144,-0.6947,-0.2384,-1.3477,0.94,0.0076
-0.0524,-0.8843,0.3925,0.8469,1.0963,-1.3163,-0.1796,-0.092,1.4281,-1.4776,1.3396
0.1366,1.898,-2.4047,-1.0732,1.4039,-0.5491,-0.2174,-0.6159,-2.2825,0.7531,6.9962
-0.335,-0.8982,1.2984,0.4126,-0.6237,0.8266,1.2405,0.8736,0.5167,0.475,2.444
0.8472,-0.272,0.7877,-0.4785,-1.3776,0.423,-0.1752,1.9016,0.0469,0.8349,2.8253
-1.7003,-0.6263,-0.3402,0.0108,-0.8586,0.3383,-1.8349,-0.1603,-0.0497,-0.4699,1.0828
0.5924,0.0497,-0.8332,-1.106,-0.5842,0.2073,-0.9868,-0.2729,-0.8541,1.0348,0.7071
0.2429,-0.222,0.1727,0.659,1.9032,0.4091,-0.6179,-0.243,0.9097,2.9117,3.5307
1.6061,-0.2424,1.811,1.12,1.714,-0.5049,0.6651,0.3961,1.7901,-0.1733,6.1478
-0.7231,1.1253,-0.2916,0.5958,0.2883,-0.1079,-0.5963,-1.0009,0.4191,0.5901,0.1664
-0.9333,0.657,-1.0104,-1.3379,-0.3794,0.4934,0.8856,0.2234,0.2713,0.3768,1.8615
1.5753,-0.4124,-1.1347,2.4421,0.1058,0.9419,0.9376,-0.2829,0.2036,-0.6017,0.9831
1.3483,-0.1528,0.7167,1.085,1.1016,1.42,0.6337,-1.8044,-1.472,-1.3159,2.0432
-0.5446,-0.0695,-0.498,0.738,0.7084,1.3689,0.2541,-0.0057,0.5864,0.4102,1.2916
0.2974,0.0931,0.165,0.2752,0.9433,-0.6192,-0.0892,0.8548,-0.063,0.0651,0.5688
-1.5618,1.1127,1.58,-0.1427,-0.9131,0.8393,0.5326,0.6066,-0.5446,1.5629,3.4057
0.2802,0.7634,0.5005,-0.4514,-1.5375,-0.2298,0.9708,0.1517,1.7125,-1.2223,2.6822
-0.6578,-0.1264,-0.0059,-0.8518,0.6329,1.1122,-0.8593,-0.6684,-0.32,0.386,0.8858
-0.0936,-0.7669,-0.5634,-0.7261,0.6456,-1.4562,0.6087,0.7226,-0.1893,0.2382,0.7602
-0.4372,-1.6179,-1.4377,-1.6978,-1.1661,-0.9762,-0.0475,-0.4042,-1.0089,1.0104,3.0188
-0.1711,0.8502,-0.4956,-1.5933,-0.3763,-1.1665,1.2678,-0.7092,-0.1297,0.7606,0.4552
-0.2247,2.093,0.0039,1.2283,1.208,0.8767,0.9937,0.3354,-0.9851,-0.6211,1.7451
0.031,-1.7546,1.1735,-0.1324,-0.0794,-0.3577,-0.3467,-0.9509,3.1562,-0.0363,1.1024
-0.7706,0.6542,-0.4731,0.6166,-1.0171,-1.3012,0.5157,1.4397,-0.8513,-0.1441,1.1905
-0.7123,-1.0021,-0.7733,0.2855,0.9079,0.4334,1.6151,-0.1811,-0.14,-0.876,1.16
-0.1378,-1.6212,-1.38,0.5732,-0.0592,-0.8973,0.2956,0.6023,-0.5064,-0.5363,2.1887
-0.9868,-0.5799,0.3218,1.8158,0.724,-0.8131,-1.4324,0.0457,-0.9149,1.3926,0.7121
-0.0491,0.6338,1.4076,0.9332,-1.6478,0.8207,-0.8009,-1.9757,2.9451,0.3176,4.5218
-0.108,-1.0638,-1.7721,1.6465,-0.9709,1.8426,1.0827,0.2181,-0.3725,-0.8882,3.7082
-1.7807,-1.2635,-0.1169,0.5994,-0.0481,0.6829,1.0123,-0.6633,-0.7361,0.0557,-0.5488
-0.8546,0.3482,-0.028,0.3808,0.6974,1.1592,-0.0964,-0.3205,1.2267,0.5606,0.4192
0.0429,0.1618,2.7526,-0.8873,-0.0682,0.2968,0.6453,0.0641,-0.637,-0.5899,7.3756
0.4171,-1.3418,0.6352,0.4523,-1.2634,1.041,-0.8788,-0.5641,0.7791,-0.5425,1.9139
-0.5003,-0.5111,-0.1119,0.5124,-1.7072,-0.0695,-0.8425,-0.0398,-1.2381,2.0761,2.9331
-0.9745,0.3238,-0.0045,0.1682,1.1344,0.9278,-0.7672,0.3255,-0.1126,-0.5239,1.3916
-2.3092,-0.9553,1.4279,0.6799,2.0512,0.5087,0.1159,-0.9095,-0.1093,-1.0367,6.0945
0.0913,0.6186,-0.1111,0.5853,-0.6899,-0.5073,-1.3831,-0.1302,-1.0579,0.5058,0.2552
-0.179,0.4023,0.9734,0.4702,-0.1043,-1.7317,0.6781,0.7509,1.607,-0.3976,0.9098
0.346,0.3272,0.8489,0.321,-0.9431,1.1219,0.6527,0.4325,-0.4091,-0.0182,1.0369
-1.4625,0.6426,0.7106,0.0473,-1.052,2.2314,-2.2027,0.1214,-0.8071,1.2632,1.8254
-1.0977,0.169,1.5821,-1.6981,0.0518,0.6793,1.075,0.6726,-0.6075,0.3574,2.7505
-0.9925,0.3598,-1.3795,0.0104,-2.4544,0.9163,1.3688,-0.0457,0.5749,-0.123,7.9712
-1.5234,-1.2007,0.9945,1.7589,0.2898,-0.0533,0.8734,-1.4504,0.4085,-1.3275,1.0492
-1.3779,-0.1044,0.0913,0.513,-0.6424,-0.0756,0.6277,0.5186,-0.7618,0.0975,0.2215
-1.6505,0.0328,0.3361,1.2336,-1.0857,-1.6415,0.1579,0.3821,1.4715,-0.4368,0.4932
-0.208,1.7797,0.8775,1.4445,-0.125,-1.6387,0.7083,-0.5412,1.6162,-1.8238,0.2568
1.7768,1.5852,-0.834,0.8777,1.2301,-0.0744,0.1747,0.2706,-0.9391,0.5754,2.6277
-1.1605,0.0831,-0.2268,-0.1084,-1.0414,0.3824,-0.3529,0.2296,0.2251,-0.958,0.896
-0.2571,-0.5947,-0.2201,-0.4465,0.2436,-0.9528,0.0043,1.3477,1.5034,1.0103,0.2584
0.1803,-0.4574,-0.7069,0.8906,0.0432,2.1105,-1.091,2.3855,-1.7645,1.2469,0.2308
-0.8294,-0.2776,2.2858,0.2169,0.3057,0.6423,-0.6645,0.4509,-0.9569,0.8146,4.8104
-0.6,0.2298,0.4374,0.8085,-0.3563,1.4168,-1.0019,-0.3269,-1.952,-0.1785,0.531
-0.8911,-0.7062,-1.756,-1.1006,1.3431,-2.3225,0.4464,-1.8089,2.4954,1.2645,4.9664
-1.1961,0.0899,-1.4815,-0.5543,-1.11,-0.6676,-2.1046,-0.1603,-0.5852,-0.0473,3.6544
0.2448,0.3997,0.3116,0.0411,-0.5627,-0.0062,-1.4239,-1.402,0.5153,0.9279,0.3578
-0.2146,2.017,1.2291,-0.0568,1.7225,-0.8633,-0.449,-0.8969,-0.3641,-0.3543,4.9665
0.4308,-0.4259,0.7599,0.2186,0.5486,-0.7482,0.653,-0.019,-0.2929,-0.8993,0.841
0.7861,2.0954,-0.4736,-0.5888,1.7484,-1.3099,1.4114,-0.4697,1.5779,-0.0771,2.8867
0.1788,1.3769,-0.3146,-1.5985,-1.0852,1.2151,-1.0788,-0.7538,-0.933,-0.5262,1.4488
-0.3333,-1.4726,-0.9898,0.5194,0.766,0.8472,-1.6014,-0.2254,0.5892,-0.078,1.3823
0.2533,-0.9662,0.3692,-0.9535,0.9741,-1.309,-0.6184,-0.1161,0.384,0.5305,1.191
0.6941,-1.4543,0.1515,-1.1431,-0.5107,0.9403,0.3117,0.5374,-1.3973,0.3742,0.2361
-0.8138,-0.8473,-0.3696,-1.1141,0.1225,1.417,-1.3097,0.1212,1.5692,1.2194,0.269
-0.5805,-2.3776,0.3557,0.0088,2.5665,1.1981,-0.4399,1.1994,-0.9643,-1.3405,7.1266
0.1525,-0.3788,0.9389,-1.4567,-0.9127,0.876,1.728,0.2505,-2.1863,0.0176,1.5679
-1.2651,0.16,-0.1884,-0.4338,1.1026,-0.607,-0.3744,-0.8129,0.0919,-0.1308,1.8918
-1.0309,0.2723,1.199,-1.0705,1.2041,-0.9956,0.67,1.4004,-0.3689,0.0513,2.8632
-1.4134,-1.2151,-0.4321,-0.423,1.4988,-1.6462,0.164,-0.395,-0.7839,2.3192,2.5688
-0.4243,-1.9379,0.3892,-0.1792,1.5065,1.0729,-0.6312,-1.1852,0.69,1.744,2.2518
0.7433,-0.2234,1.5782,0.2529,-0.7206,-0.8883,-0.0341,-0.9446,0.9343,-1.7337,2.9785
-0.335,-0.185,0.8084,-0.8013,-0.3146,0.5162,-0.7604,1.1262,-0.5116,-0.2795,0.9302
-1.3293,-0.2809,0.2215,-0.2832,1.9684,-0.0267,-1.1393,-0.0361,0.5192,-0.1661,4.4436
0.1557,-0.6717,-0.3632,-0.2112,0.7404,-0.0405,1.0211,-0.2005,-0.0158,-1.4749,0.5208
0.9402,0.1773,-1.676,0.9587,-1.3141,-1.221,-0.0698,1.6191,0.7114,-1.0303,4.5458
-0.044,-0.5644,-1.1362,0.9054,-2.4325,-1.96,0.4159,0.0862,0.7252,-0.0548,7.3809
-0.2707,-1.6646,0.5058,0.2045,-1.5359,-0.0595,-0.6815,-0.176,0.3559,-0.8305,2.6692
-0.9261,-1.1025,-1.65,0.7426,-0.0102,0.8477,0.0151,0.3976,0.0901,1.0891,2.541
-0.1669,0.8082,1.3144,-0.6185,0.2537,1.4533,0.3078,-1.189,1.5159,0.8434,1.8797
0.2559,-0.623,0.3184,1.9681,0.5702,0.4447,-1.4988,-0.0407,-0.052,-0.2657,0.2942
-0.6564,0.0805,-0.7141,-0.9023,-0.4082,0.4936,0.4371,0.7702,2.6117,-0.5065,0.9349
0.8489,1.0569,0.2177,0.602,2.0936,-0.4074,0.0157,-1.4399,-0.5317,-0.2662,4.2637
-0.8244,0.5374,-1.4057,1.2667,0.577,-0.2532,1.2769,-1.8002,-1.8446,-1.3711,2.559
-0.8348,-0.3494,0.5961,-0.2887,0.0164,-0.7614,0.2565,-0.1779,-0.3458,-0.2316,-0.4749
2.6528,-0.7026,0.3636,-1.0479,1.4848,-0.2863,-0.4365,0.0127,-0.2252,1.1468,2.8155
0.2098,-0.8208,1.2071,-0.5543,0.4762,1.1948,-0.3426,-0.6809,-0.8379,0.6987,1.9277
1.0157,1.841,-0.0635,-1.3981,-1.0107,0.7522,1.5682,0.1275,-0.1889,0.1029,0.9649
-1.1112,0.7989,0.7271,0.0647,0.9678,0.5719,-0.0696,1.764,2.0116,1.5064,0.9668
1.5299,1.0183,0.4038,0.191,-0.0222,0.542,1.3002,1.0208,0.0866,0.6473,0.3079
0.1183,0.3552,-0.1769,0.6329,-0.2251,0.25,0.5007,0.6712,1.6324,-0.1681,0.2248
0.4208,-0.866,-1.3997,-0.3115,-1.6241,-0.1315,-0.8101,0.4454,-0.3765,0.3163,4.567
-0.1701,0.4496,0.8631,0.1786,0.2666,1.192,-2.0471,0.8074,1.3837,1.7087,0.866
-0.8111,-1.4801,1.073,-1.4096,1.8612,-1.5638,0.3061,-0.8362,-0.8433,-0.6546,4.745
-0.3018,-0.8485,-0.908,0.3371,-1.5592,0.0911,-0.3108,0.2042,0.3723,-0.0908,3.2858
-1.8452,-0.8418,0.4249,0.1152,-0.4342,0.8064,2.1335,0.2852,-0.0415,-1.0518,0.6197
0.7306,-1.0449,0.7164,0.794,0.7873,-0.4804,-1.1821,0.146,-0.888,0.6766,0.7629
1.4844,-0.1521,1.8809,0.3532,-0.2908,1.4212,-0.2986,-0.3639,-0.5772,-0.3316,3.5982
-3.0189,-1.0934,-0.7446,-0.1103,1.2548,0.5286,-0.2185,0.9957,-1.6574,-0.1755,2.5042
-0.9417,-1.1977,-0.6855,1.1858,-1.15,0.3481,-0.8367,2.9861,0.0142,-1.4623,1.8109
1.4961,0.4223,0.1076,-0.1656,1.3096,0.4852,-0.5169,-0.0425,0.4754,1.3663,2.1479
1.474,-0.6557,1.3342,1.1525,-0.7269,-0.2469,0.0314,-1.8722,1.5127,0.3769,2.4129
-0.2521,0.2255,-1.0906,0.367,-0.3404,0.2755,0.2169,-0.031,-1.5987,1.3011,1.1436
-1.5664,1.5916,-1.5489,-0.789,0.2843,-2.0197,-0.0966,-1.0739,-0.0822,0.7857,2.4782
-0.7409,0.4417,-2.1419,-0.0832,-0.4317,1.4441,-0.5493,-0.5859,1.0,-0.4325,5.0384
0.1086,0.8132,1.3725,0.2155,-0.2762,-2.5065,0.8908,0.7648,0.5032,0.956,1.7807
-0.2402,1.3604,-0.0017,-1.1141,-0.5686,1.3965,0.2402,-0.3582,-0.4813,-0.148,0.062
-0.8562,-0.015,0.1871,0.8261,0.2649,-0.0407,-1.7539,-0.275,1.0255,0.2856,0.3565
-0.9412,-0.4151,0.8504,-0.6019,1.344,-0.7447,-2.0312,0.7789,1.2385,-0.0906,2.6247
0.5683,-1.994,2.3307,0.4351,0.3521,-0.7749,-1.1362,-0.0976,-0.2802,0.6974,5.255
-0.886,1.4019,0.0825,0.2611,-0.276,0.2858,1.3823,0.6029,0.2165,-0.4693,-0.1937
-0.7339,-0.495,-0.6394,-0.5171,0.3483,1.3442,-0.122,0.5406,-1.1736,0.1631,0.7822
0.0422,-1.1656,-1.336,-0.3816,-1.3469,-0.8331,0.6488,0.9942,0.5965,0.6269,4.0666
0.6598,0.3885,1.304,-0.514,0.6566,-0.8098,-0.1118,0.4246,0.0281,0.0226,1.764
0.827,-1.2236,0.1044,0.75,0.2574,-0.7753,-1.3233,-0.3944,-0.935,-1.3345,0.5329
-1.3454,1.5245,1.5423,0.4207,-0.3371,-0.6105,-0.9233,-1.3265,0.6594,-0.545,3.1507
-0.2116,0.3103,0.1573,0.6871,-0.7361,-1.1609,-0.05,0.2478,0.2814,-1.6637,0.3828
-1.7297,0.3869,0.2107,2.7829,-1.4247,0.93,-0.4862,-0.5545,0.5908,-1.129,2.1368
0.9751,-1.64,-0.7406,-0.9323,1.5234,-0.5018,-0.3927,0.8784,-1.0345,1.2824,3.1024
1.2445,0.6661,-0.7677,-1.3502,0.7644,-0.0965,-0.1707,-1.068,-1.7235,0.1055,1.3987
0.8266,-1.2141,0.3091,0.2729,-0.3848,-1.9465,0.3789,-0.2919,0.0709,-0.2899,-0.0381
-0.8867,-0.8394,1.2735,0.9337,-1.6085,-0.8914,-3.1296,0.911,-1.4453,-1.7529,4.2722
1.737,1.033,-1.8176,-0.6838,-0.0106,1.0168,-0.383,-1.4044,0.1446,1.2242,3.1787
1.7497,1.0606,-1.0804,1.1247,-0.0235,-1.6739,0.218,-1.3306,0.4366,-0.6798,1.7025
1.8954,-0.8554,0.8065,1.5414,-1.4924,0.7163,-1.0854,-2.0924,-0.9339,-0.4449,2.785
-1.6475,-1.0632,-1.3593,0.6322,0.0483,-0.5128,0.3574,-1.4359,-1.7076,1.6848,1.4276
1.0813,0.1292,0.9037,0.8865,-0.2352,-0.4386,-2.1697,-0.293,0.0742,-1.1737,0.7011
0.6786,-0.3775,1.9349,0.4132,-0.5663,-0.1436,-0.1254,0.5435,0.8108,-0.487,3.8425
0.3928,-0.437,-0.0621,-0.0741,-0.7533,1.1606,-0.513,-0.0592,-1.2705,-0.5032,0.3471
0.7205,-1.9761,0.4324,-0.4719,0.1979,-1.0531,-0.8179,-1.0832,-1.0756,-1.4976,-0.4088
-1.1019,0.5393,2.1476,0.6176,-0.0023,0.0688,-0.9929,-0.3114,-1.5541,-0.3643,4.4999
-0.6262,-0.0747,-0.6696,0.3584,-2.4123,-2.2747,-0.0379,-1.399,-0.6073,0.4306,6.316
1.7751,0.5085,0.0073,1.0229,0.1343,-0.3102,0.0596,-0.6053,1.3754,0.1895,0.4344
0.6031,-2.1004,1.142,-1.6325,0.6313,0.4756,0.4359,-0.3518,-0.2624,-0.4242,1.8009
1.1287,-1.4104,-1.0308,1.1888,-0.0009,0.7643,-0.2028,0.7398,-0.267,-0.2133,1.6547
-0.2667,1.0879,-0.7267,1.2156,0.4622,0.8174,-0.0389,-0.277,1.8521,-0.2037,0.5879
-0.9606,0.3397,-1.5126,0.7299,-0.1167,-0.4794,-0.3249,-0.7454,-0.1388,1.7316,2.1438
-0.0824,-0.4493,1.7098,-0.027,0.6017,-0.0081,0.7522,-1.0872,1.1059,-0.8869,3.1752
0.0048,-0.4697,-1.0308,0.9276,0.554,0.5415,0.4455,-0.8618,0.2226,0.6517,1.8712
0.4449,-0.7973,0.97,0.5414,0.7384,-0.3228,-0.4611,2.0719,-0.9382,0.0316,1.1883
1.3671,-0.346,-0.9593,-1.4911,-1.0884,-1.289,0.7414,0.8096,0.1308,-1.3038,1.8553
0.7186,-1.7425,-1.136,-2.0354,1.4782,-0.9762,0.9699,-1.6635,-0.8938,0.1548,3.0617
0.809,-0.7031,-0.6284,-0.2415,-2.2397,0.6954,0.4659,-2.0882,1.0805,1.065,5.6019
0.2325,0.7552,-0.9247,-0.2719,0.2309,-0.1385,2.2413,0.7681,-1.7243,0.7732,1.0331
0.317,-1.1137,1.9044,-0.1716,-0.0581,-0.1961,0.6697,0.2374,-0.051,1.1821,3.1584
-1.4193,-0.1334,0.8332,0.7136,0.8724,-0.6246,0.5918,-0.8757,-0.5562,1.5705,1.0927
-0.1068,0.2736,1.1612,2.1418,-0.7544,0.5021,0.118,-0.7826,0.5714,1.8227,1.4217
-0.9594,-0.3896,-1.302,-0.4407,-0.4867,-0.5827,2.7646,0.6541,-0.29,0.1076,1.9367
1.4149,0.4343,-0.8579,0.4005,-2.212,0.416,-0.1478,0.8723,-0.8151,0.1839,5.2983
0.7567,-0.1527,-0.4193,-0.0019,-1.9028,0.5233,-1.1086,0.0218,0.1213,0.2097,4.0562
1.4022,-0.6029,0.2119,-0.4045,0.1531,0.5735,1.5457,-0.1445,-1.0007,1.2719,-0.0346
-1.7484,0.3329,-0.6566,-0.4996,1.2452,-0.9373,-0.2476,-0.5847,-0.7745,0.4314,2.0538
0.3411,0.8222,-0.8849,-1.294,0.3838,-0.8601,-0.494,-1.8484,0.2394,0.8683,0.7629
0.2222,2.9973,-0.0088,-0.672,1.102,0.7656,-0.0175,1.9684,-2.2289,-0.6674,1.1547
-0.2789,0.3711,-1.3586,0.1915,-0.6953,-0.7466,-0.7806,0.8956,-1.285,1.643,2.4359
0.393,-0.1713,1.3404,-0.316,-0.2407,0.5903,-0.5987,-0.3986,0.085,-0.1155,1.4038
0.2398,-0.421,0.8353,0.121,0.9314,-0.9294,0.3779,0.3502,-0.2632,-0.9091,1.7661
1.3739,-0.0376,0.5493,1.2403,0.5216,0.2874,0.0751,1.4454,-0.9001,-0.4872,0.7951
-0.0837,2.4308,-0.009,-0.0746,0.7299,1.0696,-0.2232,-1.116,-1.0202,-0.256,0.6864
-0.7971,-0.6218,0.2284,0.3897,-1.0875,-1.1647,-1.3374,1.6789,0.1292,1.3409,1.1619
0.4398,0.1124,0.4392,0.9545,1.3645,0.3355,-0.8744,-0.3667,-0.482,-0.3418,2.1905
1.5561,-0.8782,-1.0044,0.3631,-0.3094,-1.1548,1.5609,0.742,-0.2412,-0.3299,1.5813
-0.133,0.89,-0.2023,-0.492,0.7318,0.0839,1.2381,-0.0467,0.5022,0.0836,0.7397
-1.4367,0.204,2.4836,1.0736,0.6384,-0.6214,-0.3041,-0.2041,-0.6716,-1.2755,6.3041
-1.4637,0.64,-0.2132,-1.5575,-0.1244,-0.2506,0.0185,-1.9082,1.5631,-1.4518,-0.0229
-0.2622,2.2496,-0.6761,-0.0976,1.8155,-0.5339,-1.1592,-0.6875,1.6157,-1.4959,4.3092
0.3125,0.8688,-0.9898,-0.0365,0.6487,1.062,0.3295,-0.543,1.1642,-0.4687,0.5128
-0.3436,0.4719,0.7072,-1.0895,0.5927,-0.5571,-0.9738,0.3499,-0.481,0.4784,0.5396
-0.7477,1.2406,1.0056,0.003,-1.2422,-1.0825,-1.8749,1.0933,0.519,-0.1418,2.2861
0.4297,0.723,-0.7161,1.5345,0.6314,-1.2599,0.7954,-0.8289,1.0145,-0.2303,0.6214
1.1662,-0.2578,1.3218,0.2953,-3.1853,2.0538,0.6691,-0.2365,-0.6364,-0.1414,12.0437
-0.6247,-0.2304,0.1349,-2.2024,-0.5353,-0.104,-0.7306,-0.19,-0.26,-0.6835,-0.0184
0.8909,0.8561,1.5524,-1.6639,1.9869,2.0955,0.6993,2.0215,1.4289,-0.6656,5.8842
-0.5726,0.096,0.1913,0.2888,-0.7707,-0.8494,1.7457,0.4818,1.3926,0.0517,0.7702
1.3578,-1.5992,-1.5022,-1.1732,0.1216,-0.3595,0.2539,0.9273,0.6717,-0.9271,2.2868
-1.0851,0.4706,0.3818,-1.6224,1.1063,0.267,1.0355,-0.637,-1.4178,-1.2318,1.2263
-0.1346,0.6155,-0.5893,-0.5838,-0.9523,0.32,1.3051,1.297,-1.4718,-1.1085,1.8961
-0.7328,-0.6206,0.3057,-2.4978,-1.2875,-0.3332,1.0527,0.7575,-0.5462,1.2958,1.8526
1.3835,1.3293,-0.9795,-0.336,-1.2641,0.0995,-0.2067,-2.0027,-0.4156,0.1922,2.4273
0.9983,0.9028,0.9444,-1.1067,1.429,0.1993,-1.3631,0.6035,-0.2364,0.343,3.1583
-1.0172,-0.9318,0.2189,-0.2483,-0.9906,-0.0886,-0.1629,0.6198,0.0293,-0.9046,1.2293
0.6141,-1.239,0.7361,1.6707,0.3582,0.8637,-0.4401,-1.4666,0.9812,2.4823,0.5173
-0.0794,-0.3615,1.7203,-0.918,-0.0947,-0.8124,0.7409,-1.5937,-1.0818,-1.6981,2.8407
0.5925,1.4106,1.5205,0.2825,-0.3433,0.8653,1.7567,0.6333,-1.6642,0.8106,2.9
0.5441,0.3202,-0.1581,0.8442,0.3808,-0.8489,-0.7969,-1.2405,-0.1974,1.8227,0.0608
-0.7069,-2.1337,1.7809,0.2787,0.4043,-0.3883,-1.3911,2.6849,-0.4977,-0.1054,3.469
0.3053,-0.2452,0.4082,-0.7107,1.2877,0.0714,1.2024,0.8036,-0.5788,-1.1493,1.9811
0.5731,0.3651,-0.279,0.4791,0.0455,-0.6164,0.2844,-1.0426,-0.1556,0.4938,-0.5458
-0.5886,-1.0798,-0.1174,1.1501,-0.3025,-0.0038,1.1208,0.2338,0.4969,0.4637,0.2969
0.6952,1.254,0.5448,-0.1685,0.0137,-0.1827,-1.0274,-0.44,-0.7374,0.7096,0.4161
-0.118,-0.4086,0.0774,0.1463,-0.4892,-0.8527,1.1945,0.9177,2.0424,-0.3792,0.2759
0.644,0.272,2.0452,0.9455,0.0792,1.1895,1.2475,1.103,1.1385,0.6962,4.0874
0.8823,2.0414,-0.1126,-0.5218,2.0833,-1.4296,-1.482,0.3311,-0.3162,-1.0361,4.3344
0.8046,2.2152,-0.0235,0.5126,0.9023,0.2932,0.0176,0.3435,0.1664,-1.4123,0.6002
0.5773,1.0113,1.1953,1.7955,-1.4992,0.0275,0.2816,-0.7115,-1.3217,1.5091,3.4846
0.5868,-1.4161,-0.8189,-0.4639,0.4523,1.2841,-0.2153,0.0873,-1.2966,-0.1691,0.6872
-1.2437,0.0547,0.8619,-1.3327,0.764,1.4426,0.9917,-0.4421,1.3215,0.4756,0.7386
0.4758,0.4243,-0.2436,0.0499,-1.0286,-1.7786,3.1065,0.1744,0.5864,-0.4158,0.5475
-0.4748,-0.2782,0.0482,-0.5001,1.1019,0.0895,-1.6031,0.609,0.6026,0.3755,1.3697
0.0111,-0.3255,-0.8641,-0.3272,0.0128,0.9576,-1.3631,-1.8662,1.0607,0.0216,0.8575
-1.7216,-1.121,-0.8175,1.2758,-0.5978,-0.8977,1.938,-1.8722,-0.524,-1.2789,1.2335
-1.3586,1.9443,-0.0988,-1.4124,-0.9781,-0.1333,1.4654,0.7649,0.2599,0.2883,0.9945
-0.7445,-1.5273,-0.7972,-2.988,0.8668,-0.6279,-0.5976,-1.0224,-0.1739,-0.1225,1.2258
